event_id,commence_time,home_team,away_team,bookmaker_key,bookmaker_title,market_key,outcome_name,point,raw_price,decimal_price,snapshot_time,raw_saved_path,book_implied_prob,consensus_median_prob,edge_prob,edge_rel_pct,zscore,injured,injury_status,injury_note
96377d2fb55e3cef733cecccdecaed5f,2025-11-16T18:02:33Z,Buffalo Bills,Tampa Bay Buccaneers,draftkings,DraftKings,h2h,Buffalo Bills,,1.57,1.57,20251116_2040,backtest/cache/event_props_full_96377d2fb55e3cef733cecccdecaed5f_snapshot_20251116_2040.json,0.5994897959183673,0.5759162303664922,-0.023573565551875064,-0.03932271360142565,1.370229029946702,False,,
96377d2fb55e3cef733cecccdecaed5f,2025-11-16T18:02:33Z,Buffalo Bills,Tampa Bay Buccaneers,draftkings,DraftKings,h2h,Tampa Bay Buccaneers,,2.35,2.35,20251116_2040,backtest/cache/event_props_full_96377d2fb55e3cef733cecccdecaed5f_snapshot_20251116_2040.json,0.4005102040816326,0.42408376963350786,0.02357356555187523,0.05885883883015981,-1.3702290299467095,False,,
96377d2fb55e3cef733cecccdecaed5f,2025-11-16T18:02:33Z,Buffalo Bills,Tampa Bay Buccaneers,williamhill_us,Caesars,h2h,Buffalo Bills,,1.59,1.59,20251116_2040,backtest/cache/event_props_full_96377d2fb55e3cef733cecccdecaed5f_snapshot_20251116_2040.json,0.5891472868217055,0.5759162303664922,-0.013231056455213275,-0.022457977404243584,0.7296082499170345,False,,
96377d2fb55e3cef733cecccdecaed5f,2025-11-16T18:02:33Z,Buffalo Bills,Tampa Bay Buccaneers,williamhill_us,Caesars,h2h,Tampa Bay Buccaneers,,2.28,2.28,20251116_2040,backtest/cache/event_props_full_96377d2fb55e3cef733cecccdecaed5f_snapshot_20251116_2040.json,0.41085271317829464,0.42408376963350786,0.01323105645521322,0.03220389212683972,-0.7296082499170297,False,,
96377d2fb55e3cef733cecccdecaed5f,2025-11-16T18:02:33Z,Buffalo Bills,Tampa Bay Buccaneers,fanduel,FanDuel,h2h,Buffalo Bills,,1.68,1.68,20251116_2040,backtest/cache/event_props_full_96377d2fb55e3cef733cecccdecaed5f_snapshot_20251116_2040.json,0.5625,0.5759162303664922,0.013416230366492199,0.02385107620709724,-0.9209395533143024,False,,
96377d2fb55e3cef733cecccdecaed5f,2025-11-16T18:02:33Z,Buffalo Bills,Tampa Bay Buccaneers,fanduel,FanDuel,h2h,Tampa Bay Buccaneers,,2.16,2.16,20251116_2040,backtest/cache/event_props_full_96377d2fb55e3cef733cecccdecaed5f_snapshot_20251116_2040.json,0.4375,0.42408376963350786,-0.013416230366492143,-0.0306656694091249,0.9209395533142972,False,,
96377d2fb55e3cef733cecccdecaed5f,2025-11-16T18:02:33Z,Buffalo Bills,Tampa Bay Buccaneers,mybookieag,MyBookie.ag,h2h,Buffalo Bills,,1.65,1.65,20251116_2040,backtest/cache/event_props_full_96377d2fb55e3cef733cecccdecaed5f_snapshot_20251116_2040.json,0.5714285714285715,0.5759162303664922,0.004487658937920691,0.007853403141361208,-0.36789886080301937,False,,
96377d2fb55e3cef733cecccdecaed5f,2025-11-16T18:02:33Z,Buffalo Bills,Tampa Bay Buccaneers,mybookieag,MyBookie.ag,h2h,Tampa Bay Buccaneers,,2.2,2.2,20251116_2040,backtest/cache/event_props_full_96377d2fb55e3cef733cecccdecaed5f_snapshot_20251116_2040.json,0.4285714285714286,0.42408376963350786,-0.0044876589379207465,-0.010471204188481742,0.3678988608030221,False,,
96377d2fb55e3cef733cecccdecaed5f,2025-11-16T18:02:33Z,Buffalo Bills,Tampa Bay Buccaneers,betrivers,BetRivers,h2h,Buffalo Bills,,1.57,1.57,20251116_2040,backtest/cache/event_props_full_96377d2fb55e3cef733cecccdecaed5f_snapshot_20251116_2040.json,0.5890052356020942,0.5759162303664922,-0.01308900523560197,-0.02222222222222201,0.7208095181720527,False,,
96377d2fb55e3cef733cecccdecaed5f,2025-11-16T18:02:33Z,Buffalo Bills,Tampa Bay Buccaneers,betrivers,BetRivers,h2h,Tampa Bay Buccaneers,,2.25,2.25,20251116_2040,backtest/cache/event_props_full_96377d2fb55e3cef733cecccdecaed5f_snapshot_20251116_2040.json,0.4109947643979057,0.42408376963350786,0.013089005235602136,0.03184713375796189,-0.7208095181720617,False,,
96377d2fb55e3cef733cecccdecaed5f,2025-11-16T18:02:33Z,Buffalo Bills,Tampa Bay Buccaneers,fanatics,Fanatics,h2h,Buffalo Bills,,1.62,1.62,20251116_2040,backtest/cache/event_props_full_96377d2fb55e3cef733cecccdecaed5f_snapshot_20251116_2040.json,0.5759162303664922,0.5759162303664922,0.0,0.0,-0.08993076404342576,False,,
96377d2fb55e3cef733cecccdecaed5f,2025-11-16T18:02:33Z,Buffalo Bills,Tampa Bay Buccaneers,fanatics,Fanatics,h2h,Tampa Bay Buccaneers,,2.2,2.2,20251116_2040,backtest/cache/event_props_full_96377d2fb55e3cef733cecccdecaed5f_snapshot_20251116_2040.json,0.42408376963350786,0.42408376963350786,0.0,0.0,0.08993076404342558,False,,
96377d2fb55e3cef733cecccdecaed5f,2025-11-16T18:02:33Z,Buffalo Bills,Tampa Bay Buccaneers,bovada,Bovada,h2h,Buffalo Bills,,1.69,1.69,20251116_2040,backtest/cache/event_props_full_96377d2fb55e3cef733cecccdecaed5f_snapshot_20251116_2040.json,0.554089709762533,0.5759162303664922,0.021826520603959176,0.03939167289952632,-1.4418776198750554,False,,
96377d2fb55e3cef733cecccdecaed5f,2025-11-16T18:02:33Z,Buffalo Bills,Tampa Bay Buccaneers,bovada,Bovada,h2h,Tampa Bay Buccaneers,,2.1,2.1,20251116_2040,backtest/cache/event_props_full_96377d2fb55e3cef733cecccdecaed5f_snapshot_20251116_2040.json,0.445910290237467,0.42408376963350786,-0.02182652060395912,-0.04894823259704442,1.4418776198750491,False,,
229a5e9ce60dcb344a8cc3c97121154e,2025-11-16T18:02:50Z,Minnesota Vikings,Chicago Bears,draftkings,DraftKings,h2h,Chicago Bears,,1.22,1.22,20251116_2040,backtest/cache/event_props_full_229a5e9ce60dcb344a8cc3c97121154e_snapshot_20251116_2040.json,0.7706766917293233,0.7578740157480315,-0.012802675981291811,-0.016612252736700594,0.7727681628179782,False,,
229a5e9ce60dcb344a8cc3c97121154e,2025-11-16T18:02:50Z,Minnesota Vikings,Chicago Bears,draftkings,DraftKings,h2h,Minnesota Vikings,,4.1,4.1,20251116_2040,backtest/cache/event_props_full_229a5e9ce60dcb344a8cc3c97121154e_snapshot_20251116_2040.json,0.2293233082706767,0.24212598425196846,0.012802675981291756,0.05582806247579683,-0.7727681628179767,False,,
229a5e9ce60dcb344a8cc3c97121154e,2025-11-16T18:02:50Z,Minnesota Vikings,Chicago Bears,williamhill_us,Caesars,h2h,Chicago Bears,,1.23,1.23,20251116_2040,backtest/cache/event_props_full_229a5e9ce60dcb344a8cc3c97121154e_snapshot_20251116_2040.json,0.7648183556405354,0.7578740157480315,-0.00694433989250387,-0.00907972440944881,0.6432027463899974,False,,
229a5e9ce60dcb344a8cc3c97121154e,2025-11-16T18:02:50Z,Minnesota Vikings,Chicago Bears,williamhill_us,Caesars,h2h,Minnesota Vikings,,4.0,4.0,20251116_2040,backtest/cache/event_props_full_229a5e9ce60dcb344a8cc3c97121154e_snapshot_20251116_2040.json,0.23518164435946462,0.24212598425196846,0.006944339892503842,0.029527559055117964,-0.6432027463899965,False,,
229a5e9ce60dcb344a8cc3c97121154e,2025-11-16T18:02:50Z,Minnesota Vikings,Chicago Bears,fanduel,FanDuel,h2h,Chicago Bears,,1.23,1.23,20251116_2040,backtest/cache/event_props_full_229a5e9ce60dcb344a8cc3c97121154e_snapshot_20251116_2040.json,0.7648183556405354,0.7578740157480315,-0.00694433989250387,-0.00907972440944881,0.6432027463899974,False,,
229a5e9ce60dcb344a8cc3c97121154e,2025-11-16T18:02:50Z,Minnesota Vikings,Chicago Bears,fanduel,FanDuel,h2h,Minnesota Vikings,,4.0,4.0,20251116_2040,backtest/cache/event_props_full_229a5e9ce60dcb344a8cc3c97121154e_snapshot_20251116_2040.json,0.23518164435946462,0.24212598425196846,0.006944339892503842,0.029527559055117964,-0.6432027463899965,False,,
229a5e9ce60dcb344a8cc3c97121154e,2025-11-16T18:02:50Z,Minnesota Vikings,Chicago Bears,mybookieag,MyBookie.ag,h2h,Chicago Bears,,1.45,1.45,20251116_2040,backtest/cache/event_props_full_229a5e9ce60dcb344a8cc3c97121154e_snapshot_20251116_2040.json,0.6463414634146342,0.7578740157480315,0.11153255233339732,0.17255979794978452,-1.9770818609954808,False,,
229a5e9ce60dcb344a8cc3c97121154e,2025-11-16T18:02:50Z,Minnesota Vikings,Chicago Bears,mybookieag,MyBookie.ag,h2h,Minnesota Vikings,,2.65,2.65,20251116_2040,backtest/cache/event_props_full_229a5e9ce60dcb344a8cc3c97121154e_snapshot_20251116_2040.json,0.3536585365853659,0.24212598425196846,-0.11153255233339743,-0.31536790659788233,1.9770818609954826,False,,
229a5e9ce60dcb344a8cc3c97121154e,2025-11-16T18:02:50Z,Minnesota Vikings,Chicago Bears,betrivers,BetRivers,h2h,Chicago Bears,,1.23,1.23,20251116_2040,backtest/cache/event_props_full_229a5e9ce60dcb344a8cc3c97121154e_snapshot_20251116_2040.json,0.7578740157480315,0.7578740157480315,0.0,0.0,0.48961881464669993,False,,
229a5e9ce60dcb344a8cc3c97121154e,2025-11-16T18:02:50Z,Minnesota Vikings,Chicago Bears,betrivers,BetRivers,h2h,Minnesota Vikings,,3.85,3.85,20251116_2040,backtest/cache/event_props_full_229a5e9ce60dcb344a8cc3c97121154e_snapshot_20251116_2040.json,0.24212598425196846,0.24212598425196846,0.0,0.0,-0.48961881464669976,False,,
229a5e9ce60dcb344a8cc3c97121154e,2025-11-16T18:02:50Z,Minnesota Vikings,Chicago Bears,fanatics,Fanatics,h2h,Chicago Bears,,1.27,1.27,20251116_2040,backtest/cache/event_props_full_229a5e9ce60dcb344a8cc3c97121154e_snapshot_20251116_2040.json,0.7392197125256674,0.7578740157480315,0.018654303222364055,0.025235126859142483,0.07705242573549671,False,,
229a5e9ce60dcb344a8cc3c97121154e,2025-11-16T18:02:50Z,Minnesota Vikings,Chicago Bears,fanatics,Fanatics,h2h,Minnesota Vikings,,3.6,3.6,20251116_2040,backtest/cache/event_props_full_229a5e9ce60dcb344a8cc3c97121154e_snapshot_20251116_2040.json,0.2607802874743327,0.24212598425196846,-0.01865430322236422,-0.07153264306528641,-0.07705242573549301,False,,
229a5e9ce60dcb344a8cc3c97121154e,2025-11-16T18:02:50Z,Minnesota Vikings,Chicago Bears,bovada,Bovada,h2h,Chicago Bears,,1.33,1.33,20251116_2040,backtest/cache/event_props_full_229a5e9ce60dcb344a8cc3c97121154e_snapshot_20251116_2040.json,0.706401766004415,0.7578740157480315,0.05147224974361653,0.07286540354330716,-0.6487630349846839,False,,
229a5e9ce60dcb344a8cc3c97121154e,2025-11-16T18:02:50Z,Minnesota Vikings,Chicago Bears,bovada,Bovada,h2h,Minnesota Vikings,,3.2,3.2,20251116_2040,backtest/cache/event_props_full_229a5e9ce60dcb344a8cc3c97121154e_snapshot_20251116_2040.json,0.293598233995585,0.24212598425196846,-0.05147224974361653,-0.17531525664555103,0.6487630349846837,False,,
5c06e82838fcfade9adf1e89b8bd3081,2025-11-16T18:02:54Z,New York Giants,Green Bay Packers,draftkings,DraftKings,h2h,Green Bay Packers,,1.27,1.27,20251116_2040,backtest/cache/event_props_full_5c06e82838fcfade9adf1e89b8bd3081_snapshot_20251116_2040.json,0.7444668008048291,0.677570093457944,-0.06689670734688513,-0.08985855013892408,1.1378984486895896,False,,
5c06e82838fcfade9adf1e89b8bd3081,2025-11-16T18:02:54Z,New York Giants,Green Bay Packers,draftkings,DraftKings,h2h,New York Giants,,3.7,3.7,20251116_2040,backtest/cache/event_props_full_5c06e82838fcfade9adf1e89b8bd3081_snapshot_20251116_2040.json,0.25553319919517103,0.32242990654205606,0.06689670734688502,0.261792626388991,-1.137898448689589,False,,
5c06e82838fcfade9adf1e89b8bd3081,2025-11-16T18:02:54Z,New York Giants,Green Bay Packers,williamhill_us,Caesars,h2h,Green Bay Packers,,1.38,1.38,20251116_2040,backtest/cache/event_props_full_5c06e82838fcfade9adf1e89b8bd3081_snapshot_20251116_2040.json,0.677570093457944,0.677570093457944,0.0,0.0,0.24932262801158592,False,,
5c06e82838fcfade9adf1e89b8bd3081,2025-11-16T18:02:54Z,New York Giants,Green Bay Packers,williamhill_us,Caesars,h2h,New York Giants,,2.9,2.9,20251116_2040,backtest/cache/event_props_full_5c06e82838fcfade9adf1e89b8bd3081_snapshot_20251116_2040.json,0.32242990654205606,0.32242990654205606,0.0,0.0,-0.24932262801158664,False,,
5c06e82838fcfade9adf1e89b8bd3081,2025-11-16T18:02:54Z,New York Giants,Green Bay Packers,fanduel,FanDuel,h2h,Green Bay Packers,,1.62,1.62,20251116_2040,backtest/cache/event_props_full_5c06e82838fcfade9adf1e89b8bd3081_snapshot_20251116_2040.json,0.5824742268041238,0.677570093457944,0.0950958666538202,0.1632619303614258,-1.0138170855297681,False,,
5c06e82838fcfade9adf1e89b8bd3081,2025-11-16T18:02:54Z,New York Giants,Green Bay Packers,fanduel,FanDuel,h2h,New York Giants,,2.26,2.26,20251116_2040,backtest/cache/event_props_full_5c06e82838fcfade9adf1e89b8bd3081_snapshot_20251116_2040.json,0.41752577319587636,0.32242990654205606,-0.0950958666538203,-0.22776047075112513,1.0138170855297688,False,,
5c06e82838fcfade9adf1e89b8bd3081,2025-11-16T18:02:54Z,New York Giants,Green Bay Packers,mybookieag,MyBookie.ag,h2h,Green Bay Packers,,1.55,1.55,20251116_2040,backtest/cache/event_props_full_5c06e82838fcfade9adf1e89b8bd3081_snapshot_20251116_2040.json,0.6025641025641025,0.677570093457944,0.07500599089384141,0.1244780274408432,-0.7469672128121764,False,,
5c06e82838fcfade9adf1e89b8bd3081,2025-11-16T18:02:54Z,New York Giants,Green Bay Packers,mybookieag,MyBookie.ag,h2h,New York Giants,,2.35,2.35,20251116_2040,backtest/cache/event_props_full_5c06e82838fcfade9adf1e89b8bd3081_snapshot_20251116_2040.json,0.3974358974358974,0.32242990654205606,-0.07500599089384136,-0.18872475128127827,0.7469672128121749,False,,
5c06e82838fcfade9adf1e89b8bd3081,2025-11-16T18:02:54Z,New York Giants,Green Bay Packers,betrivers,BetRivers,h2h,Green Bay Packers,,1.26,1.26,20251116_2040,backtest/cache/event_props_full_5c06e82838fcfade9adf1e89b8bd3081_snapshot_20251116_2040.json,0.7352941176470589,0.677570093457944,-0.05772402418911493,-0.0785046728971963,1.0160595004365636,False,,
5c06e82838fcfade9adf1e89b8bd3081,2025-11-16T18:02:54Z,New York Giants,Green Bay Packers,betrivers,BetRivers,h2h,New York Giants,,3.5,3.5,20251116_2040,backtest/cache/event_props_full_5c06e82838fcfade9adf1e89b8bd3081_snapshot_20251116_2040.json,0.2647058823529412,0.32242990654205606,0.057724024189114875,0.21806853582554508,-1.0160595004365636,False,,
5c06e82838fcfade9adf1e89b8bd3081,2025-11-16T18:02:54Z,New York Giants,Green Bay Packers,fanatics,Fanatics,h2h,Green Bay Packers,,1.33,1.33,20251116_2040,backtest/cache/event_props_full_5c06e82838fcfade9adf1e89b8bd3081_snapshot_20251116_2040.json,0.706401766004415,0.677570093457944,-0.02883167254647101,-0.04081483644859803,0.6322880699675693,False,,
5c06e82838fcfade9adf1e89b8bd3081,2025-11-16T18:02:54Z,New York Giants,Green Bay Packers,fanatics,Fanatics,h2h,New York Giants,,3.2,3.2,20251116_2040,backtest/cache/event_props_full_5c06e82838fcfade9adf1e89b8bd3081_snapshot_20251116_2040.json,0.293598233995585,0.32242990654205606,0.028831672546471065,0.0982011102522661,-0.6322880699675707,False,,
5c06e82838fcfade9adf1e89b8bd3081,2025-11-16T18:02:54Z,New York Giants,Green Bay Packers,bovada,Bovada,h2h,Green Bay Packers,,1.67,1.67,20251116_2040,backtest/cache/event_props_full_5c06e82838fcfade9adf1e89b8bd3081_snapshot_20251116_2040.json,0.5628272251308901,0.677570093457944,0.11474286832705383,0.20386872419039329,-1.2747843487633683,False,,
5c06e82838fcfade9adf1e89b8bd3081,2025-11-16T18:02:54Z,New York Giants,Green Bay Packers,bovada,Bovada,h2h,New York Giants,,2.15,2.15,20251116_2040,backtest/cache/event_props_full_5c06e82838fcfade9adf1e89b8bd3081_snapshot_20251116_2040.json,0.43717277486910994,0.32242990654205606,-0.11474286832705388,-0.26246572276008734,1.2747843487633683,False,,
fd2f29289d6437a7c07d4780c5f04936,2025-11-16T18:02:55Z,Tennessee Titans,Houston Texans,draftkings,DraftKings,h2h,Houston Texans,,1.06,1.06,20251116_2040,backtest/cache/event_props_full_fd2f29289d6437a7c07d4780c5f04936_snapshot_20251116_2040.json,0.8996212121212122,0.9248342927330641,0.0252130806118519,0.02802632960643748,-1.2337952184815895,False,,
fd2f29289d6437a7c07d4780c5f04936,2025-11-16T18:02:55Z,Tennessee Titans,Houston Texans,draftkings,DraftKings,h2h,Tennessee Titans,,9.5,9.5,20251116_2040,backtest/cache/event_props_full_fd2f29289d6437a7c07d4780c5f04936_snapshot_20251116_2040.json,0.10037878787878789,0.07516570726693586,-0.025213080611852026,-0.2511793691142994,1.233795218481592,False,,
fd2f29289d6437a7c07d4780c5f04936,2025-11-16T18:02:55Z,Tennessee Titans,Houston Texans,williamhill_us,Caesars,h2h,Houston Texans,,1.01,1.01,20251116_2040,backtest/cache/event_props_full_fd2f29289d6437a7c07d4780c5f04936_snapshot_20251116_2040.json,0.9369144284821986,0.9248342927330641,-0.01208013574913458,-0.012893531556242975,0.8252614401554494,False,,
fd2f29289d6437a7c07d4780c5f04936,2025-11-16T18:02:55Z,Tennessee Titans,Houston Texans,williamhill_us,Caesars,h2h,Tennessee Titans,,15.0,15.0,20251116_2040,backtest/cache/event_props_full_fd2f29289d6437a7c07d4780c5f04936_snapshot_20251116_2040.json,0.06308557151780138,0.07516570726693586,0.012080135749134482,0.19148809241944856,-0.8252614401554499,False,,
fd2f29289d6437a7c07d4780c5f04936,2025-11-16T18:02:55Z,Tennessee Titans,Houston Texans,fanduel,FanDuel,h2h,Houston Texans,,1.01,1.01,20251116_2040,backtest/cache/event_props_full_fd2f29289d6437a7c07d4780c5f04936_snapshot_20251116_2040.json,0.940623162845385,0.9248342927330641,-0.015788870112320996,-0.01678554253816126,1.0300304284807296,False,,
fd2f29289d6437a7c07d4780c5f04936,2025-11-16T18:02:55Z,Tennessee Titans,Houston Texans,fanduel,FanDuel,h2h,Tennessee Titans,,16.0,16.0,20251116_2040,backtest/cache/event_props_full_fd2f29289d6437a7c07d4780c5f04936_snapshot_20251116_2040.json,0.059376837154614934,0.07516570726693586,0.015788870112320927,0.26590958476294946,-1.0300304284807318,False,,
fd2f29289d6437a7c07d4780c5f04936,2025-11-16T18:02:55Z,Tennessee Titans,Houston Texans,mybookieag,MyBookie.ag,h2h,Houston Texans,,1.02,1.02,20251116_2040,backtest/cache/event_props_full_fd2f29289d6437a7c07d4780c5f04936_snapshot_20251116_2040.json,0.9133389974511469,0.9248342927330641,0.011495295281917173,0.012586011671457223,-0.4764001750520762,False,,
fd2f29289d6437a7c07d4780c5f04936,2025-11-16T18:02:55Z,Tennessee Titans,Houston Texans,mybookieag,MyBookie.ag,h2h,Tennessee Titans,,10.75,10.75,20251116_2040,backtest/cache/event_props_full_fd2f29289d6437a7c07d4780c5f04936_snapshot_20251116_2040.json,0.08666100254885302,0.07516570726693586,-0.011495295281917159,-0.13264669163545584,0.4764001750520704,False,,
fd2f29289d6437a7c07d4780c5f04936,2025-11-16T18:02:55Z,Tennessee Titans,Houston Texans,fanatics,Fanatics,h2h,Houston Texans,,1.02,1.02,20251116_2040,backtest/cache/event_props_full_fd2f29289d6437a7c07d4780c5f04936_snapshot_20251116_2040.json,0.9363295880149812,0.9248342927330641,-0.011495295281917173,-0.01227697536108754,0.7929708582274136,False,,
fd2f29289d6437a7c07d4780c5f04936,2025-11-16T18:02:55Z,Tennessee Titans,Houston Texans,fanatics,Fanatics,h2h,Tennessee Titans,,15.0,15.0,20251116_2040,backtest/cache/event_props_full_fd2f29289d6437a7c07d4780c5f04936_snapshot_20251116_2040.json,0.06367041198501872,0.07516570726693586,0.011495295281917145,0.1805437553101105,-0.792970858227418,False,,
fd2f29289d6437a7c07d4780c5f04936,2025-11-16T18:02:55Z,Tennessee Titans,Houston Texans,bovada,Bovada,h2h,Houston Texans,,1.05,1.05,20251116_2040,backtest/cache/event_props_full_fd2f29289d6437a7c07d4780c5f04936_snapshot_20251116_2040.json,0.9049773755656108,0.9248342927330641,0.019856917167453303,0.021941893470035903,-0.9380673333299453,False,,
fd2f29289d6437a7c07d4780c5f04936,2025-11-16T18:02:55Z,Tennessee Titans,Houston Texans,bovada,Bovada,h2h,Tennessee Titans,,10.0,10.0,20251116_2040,backtest/cache/event_props_full_fd2f29289d6437a7c07d4780c5f04936_snapshot_20251116_2040.json,0.09502262443438914,0.07516570726693586,-0.019856917167453275,-0.2089704140003416,0.938067333329939,False,,
0ae85bbc3711ad0cb94475a40e2364f0,2025-11-16T18:03:15Z,Atlanta Falcons,Carolina Panthers,draftkings,DraftKings,h2h,Atlanta Falcons,,1.37,1.37,20251116_2040,backtest/cache/event_props_full_0ae85bbc3711ad0cb94475a40e2364f0_snapshot_20251116_2040.json,0.6864988558352403,0.6705882352941177,-0.015910620541122578,-0.023176470588235222,0.7327809133202074,False,,
0ae85bbc3711ad0cb94475a40e2364f0,2025-11-16T18:03:15Z,Atlanta Falcons,Carolina Panthers,draftkings,DraftKings,h2h,Carolina Panthers,,3.0,3.0,20251116_2040,backtest/cache/event_props_full_0ae85bbc3711ad0cb94475a40e2364f0_snapshot_20251116_2040.json,0.3135011441647597,0.32941176470588235,0.015910620541122633,0.050751395448690444,-0.7327809133202088,False,,
0ae85bbc3711ad0cb94475a40e2364f0,2025-11-16T18:03:15Z,Atlanta Falcons,Carolina Panthers,williamhill_us,Caesars,h2h,Atlanta Falcons,,1.4,1.4,20251116_2040,backtest/cache/event_props_full_0ae85bbc3711ad0cb94475a40e2364f0_snapshot_20251116_2040.json,0.6728971962616822,0.6705882352941177,-0.0023089609675644995,-0.0034313725490194647,0.22089665530042726,False,,
0ae85bbc3711ad0cb94475a40e2364f0,2025-11-16T18:03:15Z,Atlanta Falcons,Carolina Panthers,williamhill_us,Caesars,h2h,Carolina Panthers,,2.88,2.88,20251116_2040,backtest/cache/event_props_full_0ae85bbc3711ad0cb94475a40e2364f0_snapshot_20251116_2040.json,0.32710280373831774,0.32941176470588235,0.0023089609675646106,0.00705882352941181,-0.2208966553004312,False,,
0ae85bbc3711ad0cb94475a40e2364f0,2025-11-16T18:03:15Z,Atlanta Falcons,Carolina Panthers,fanduel,FanDuel,h2h,Atlanta Falcons,,1.42,1.42,20251116_2040,backtest/cache/event_props_full_0ae85bbc3711ad0cb94475a40e2364f0_snapshot_20251116_2040.json,0.6650943396226415,0.6705882352941177,0.005493895671476179,0.00826032540675851,-0.07275570818577456,False,,
0ae85bbc3711ad0cb94475a40e2364f0,2025-11-16T18:03:15Z,Atlanta Falcons,Carolina Panthers,fanduel,FanDuel,h2h,Carolina Panthers,,2.82,2.82,20251116_2040,backtest/cache/event_props_full_0ae85bbc3711ad0cb94475a40e2364f0_snapshot_20251116_2040.json,0.33490566037735847,0.32941176470588235,-0.005493895671476123,-0.01640430820215406,0.0727557081857724,False,,
0ae85bbc3711ad0cb94475a40e2364f0,2025-11-16T18:03:15Z,Atlanta Falcons,Carolina Panthers,mybookieag,MyBookie.ag,h2h,Atlanta Falcons,,1.35,1.35,20251116_2040,backtest/cache/event_props_full_0ae85bbc3711ad0cb94475a40e2364f0_snapshot_20251116_2040.json,0.7,0.6705882352941177,-0.02941176470588225,-0.042016806722688926,1.2408823788671963,False,,
0ae85bbc3711ad0cb94475a40e2364f0,2025-11-16T18:03:15Z,Atlanta Falcons,Carolina Panthers,mybookieag,MyBookie.ag,h2h,Carolina Panthers,,3.15,3.15,20251116_2040,backtest/cache/event_props_full_0ae85bbc3711ad0cb94475a40e2364f0_snapshot_20251116_2040.json,0.3,0.32941176470588235,0.02941176470588236,0.09803921568627454,-1.2408823788671992,False,,
0ae85bbc3711ad0cb94475a40e2364f0,2025-11-16T18:03:15Z,Atlanta Falcons,Carolina Panthers,betrivers,BetRivers,h2h,Atlanta Falcons,,1.4,1.4,20251116_2040,backtest/cache/event_props_full_0ae85bbc3711ad0cb94475a40e2364f0_snapshot_20251116_2040.json,0.6585365853658537,0.6705882352941177,0.012051649928264019,0.018300653594771288,-0.319549943393485,False,,
0ae85bbc3711ad0cb94475a40e2364f0,2025-11-16T18:03:15Z,Atlanta Falcons,Carolina Panthers,betrivers,BetRivers,h2h,Carolina Panthers,,2.7,2.7,20251116_2040,backtest/cache/event_props_full_0ae85bbc3711ad0cb94475a40e2364f0_snapshot_20251116_2040.json,0.3414634146341463,0.32941176470588235,-0.012051649928263963,-0.035294117647058754,0.3195499433934826,False,,
0ae85bbc3711ad0cb94475a40e2364f0,2025-11-16T18:03:15Z,Atlanta Falcons,Carolina Panthers,fanatics,Fanatics,h2h,Atlanta Falcons,,1.4,1.4,20251116_2040,backtest/cache/event_props_full_0ae85bbc3711ad0cb94475a40e2364f0_snapshot_20251116_2040.json,0.6705882352941177,0.6705882352941177,0.0,0.0,0.1340013198241544,False,,
0ae85bbc3711ad0cb94475a40e2364f0,2025-11-16T18:03:15Z,Atlanta Falcons,Carolina Panthers,fanatics,Fanatics,h2h,Carolina Panthers,,2.85,2.85,20251116_2040,backtest/cache/event_props_full_0ae85bbc3711ad0cb94475a40e2364f0_snapshot_20251116_2040.json,0.32941176470588235,0.32941176470588235,0.0,0.0,-0.13400131982415425,False,,
0ae85bbc3711ad0cb94475a40e2364f0,2025-11-16T18:03:15Z,Atlanta Falcons,Carolina Panthers,bovada,Bovada,h2h,Atlanta Falcons,,1.53,1.53,20251116_2040,backtest/cache/event_props_full_0ae85bbc3711ad0cb94475a40e2364f0_snapshot_20251116_2040.json,0.6155778894472362,0.6705882352941177,0.05501034584688147,0.08936374549819928,-1.9362556157327384,False,,
0ae85bbc3711ad0cb94475a40e2364f0,2025-11-16T18:03:15Z,Atlanta Falcons,Carolina Panthers,bovada,Bovada,h2h,Carolina Panthers,,2.45,2.45,20251116_2040,backtest/cache/event_props_full_0ae85bbc3711ad0cb94475a40e2364f0_snapshot_20251116_2040.json,0.3844221105527638,0.32941176470588235,-0.05501034584688147,-0.14309880815071127,1.9362556157327364,False,,
91630b9c62640117918fa30d2a62d2db,2025-11-16T21:05:00Z,Arizona Cardinals,San Francisco 49ers,draftkings,DraftKings,h2h,Arizona Cardinals,,2.6,2.6,20251116_2040,backtest/cache/event_props_full_91630b9c62640117918fa30d2a62d2db_snapshot_20251116_2040.json,0.3689320388349514,0.37046004842615016,0.0015280095911987535,0.004141710207722938,-0.3411024164685503,False,,
91630b9c62640117918fa30d2a62d2db,2025-11-16T21:05:00Z,Arizona Cardinals,San Francisco 49ers,draftkings,DraftKings,h2h,San Francisco 49ers,,1.52,1.52,20251116_2040,backtest/cache/event_props_full_91630b9c62640117918fa30d2a62d2db_snapshot_20251116_2040.json,0.6310679611650486,0.62953995157385,-0.001528009591198587,-0.0024213075060531453,0.341102416468553,False,,
91630b9c62640117918fa30d2a62d2db,2025-11-16T21:05:00Z,Arizona Cardinals,San Francisco 49ers,betus,BetUS,h2h,Arizona Cardinals,,2.59,2.59,20251116_2040,backtest/cache/event_props_full_91630b9c62640117918fa30d2a62d2db_snapshot_20251116_2040.json,0.37288135593220334,0.37046004842615016,-0.002421307506053183,-0.006493506493506264,0.8365048700402515,False,,
91630b9c62640117918fa30d2a62d2db,2025-11-16T21:05:00Z,Arizona Cardinals,San Francisco 49ers,betus,BetUS,h2h,San Francisco 49ers,,1.54,1.54,20251116_2040,backtest/cache/event_props_full_91630b9c62640117918fa30d2a62d2db_snapshot_20251116_2040.json,0.6271186440677965,0.62953995157385,0.002421307506053516,0.003861003861004256,-0.8365048700403078,False,,
91630b9c62640117918fa30d2a62d2db,2025-11-16T21:05:00Z,Arizona Cardinals,San Francisco 49ers,williamhill_us,Caesars,h2h,Arizona Cardinals,,2.56,2.56,20251116_2040,backtest/cache/event_props_full_91630b9c62640117918fa30d2a62d2db_snapshot_20251116_2040.json,0.37408312958435214,0.37046004842615016,-0.0036230811582019795,-0.009685230024213133,1.194849711605258,False,,
91630b9c62640117918fa30d2a62d2db,2025-11-16T21:05:00Z,Arizona Cardinals,San Francisco 49ers,williamhill_us,Caesars,h2h,San Francisco 49ers,,1.53,1.53,20251116_2040,backtest/cache/event_props_full_91630b9c62640117918fa30d2a62d2db_snapshot_20251116_2040.json,0.625916870415648,0.62953995157385,0.0036230811582019795,0.00578843825665863,-1.194849711605218,False,,
91630b9c62640117918fa30d2a62d2db,2025-11-16T21:05:00Z,Arizona Cardinals,San Francisco 49ers,fanduel,FanDuel,h2h,Arizona Cardinals,,2.6,2.6,20251116_2040,backtest/cache/event_props_full_91630b9c62640117918fa30d2a62d2db_snapshot_20251116_2040.json,0.37046004842615016,0.37046004842615016,0.0,0.0,0.11451945033547653,False,,
91630b9c62640117918fa30d2a62d2db,2025-11-16T21:05:00Z,Arizona Cardinals,San Francisco 49ers,fanduel,FanDuel,h2h,San Francisco 49ers,,1.53,1.53,20251116_2040,backtest/cache/event_props_full_91630b9c62640117918fa30d2a62d2db_snapshot_20251116_2040.json,0.62953995157385,0.62953995157385,0.0,0.0,-0.11451945033542778,False,,
91630b9c62640117918fa30d2a62d2db,2025-11-16T21:05:00Z,Arizona Cardinals,San Francisco 49ers,mybookieag,MyBookie.ag,h2h,Arizona Cardinals,,2.55,2.55,20251116_2040,backtest/cache/event_props_full_91630b9c62640117918fa30d2a62d2db_snapshot_20251116_2040.json,0.3734643734643735,0.37046004842615016,-0.0030043250382233433,-0.008044475595769082,1.0103490251534724,False,,
91630b9c62640117918fa30d2a62d2db,2025-11-16T21:05:00Z,Arizona Cardinals,San Francisco 49ers,mybookieag,MyBookie.ag,h2h,San Francisco 49ers,,1.52,1.52,20251116_2040,backtest/cache/event_props_full_91630b9c62640117918fa30d2a62d2db_snapshot_20251116_2040.json,0.6265356265356266,0.62953995157385,0.0030043250382234543,0.004795138394340964,-1.0103490251534637,False,,
91630b9c62640117918fa30d2a62d2db,2025-11-16T21:05:00Z,Arizona Cardinals,San Francisco 49ers,lowvig,LowVig.ag,h2h,Arizona Cardinals,,2.63,2.63,20251116_2040,backtest/cache/event_props_full_91630b9c62640117918fa30d2a62d2db_snapshot_20251116_2040.json,0.36778846153846156,0.37046004842615016,0.002671586887688593,0.0072639225181598335,-0.6820942699638137,False,,
91630b9c62640117918fa30d2a62d2db,2025-11-16T21:05:00Z,Arizona Cardinals,San Francisco 49ers,lowvig,LowVig.ag,h2h,San Francisco 49ers,,1.53,1.53,20251116_2040,backtest/cache/event_props_full_91630b9c62640117918fa30d2a62d2db_snapshot_20251116_2040.json,0.6322115384615384,0.62953995157385,-0.0026715868876884263,-0.004225780020069907,0.682094269963819,False,,
91630b9c62640117918fa30d2a62d2db,2025-11-16T21:05:00Z,Arizona Cardinals,San Francisco 49ers,betonlineag,BetOnline.ag,h2h,Arizona Cardinals,,2.63,2.63,20251116_2040,backtest/cache/event_props_full_91630b9c62640117918fa30d2a62d2db_snapshot_20251116_2040.json,0.36778846153846156,0.37046004842615016,0.002671586887688593,0.0072639225181598335,-0.6820942699638137,False,,
91630b9c62640117918fa30d2a62d2db,2025-11-16T21:05:00Z,Arizona Cardinals,San Francisco 49ers,betonlineag,BetOnline.ag,h2h,San Francisco 49ers,,1.53,1.53,20251116_2040,backtest/cache/event_props_full_91630b9c62640117918fa30d2a62d2db_snapshot_20251116_2040.json,0.6322115384615384,0.62953995157385,-0.0026715868876884263,-0.004225780020069907,0.682094269963819,False,,
91630b9c62640117918fa30d2a62d2db,2025-11-16T21:05:00Z,Arizona Cardinals,San Francisco 49ers,betrivers,BetRivers,h2h,Arizona Cardinals,,2.55,2.55,20251116_2040,backtest/cache/event_props_full_91630b9c62640117918fa30d2a62d2db_snapshot_20251116_2040.json,0.37192118226600984,0.37046004842615016,-0.0014611338398596851,-0.003928611516443922,0.5502003070538769,False,,
91630b9c62640117918fa30d2a62d2db,2025-11-16T21:05:00Z,Arizona Cardinals,San Francisco 49ers,betrivers,BetRivers,h2h,San Francisco 49ers,,1.51,1.51,20251116_2040,backtest/cache/event_props_full_91630b9c62640117918fa30d2a62d2db_snapshot_20251116_2040.json,0.6280788177339901,0.62953995157385,0.0014611338398599072,0.0023263542705220484,-0.5502003070538979,False,,
91630b9c62640117918fa30d2a62d2db,2025-11-16T21:05:00Z,Arizona Cardinals,San Francisco 49ers,fanatics,Fanatics,h2h,Arizona Cardinals,,2.6,2.6,20251116_2040,backtest/cache/event_props_full_91630b9c62640117918fa30d2a62d2db_snapshot_20251116_2040.json,0.37046004842615016,0.37046004842615016,0.0,0.0,0.11451945033547653,False,,
91630b9c62640117918fa30d2a62d2db,2025-11-16T21:05:00Z,Arizona Cardinals,San Francisco 49ers,fanatics,Fanatics,h2h,San Francisco 49ers,,1.53,1.53,20251116_2040,backtest/cache/event_props_full_91630b9c62640117918fa30d2a62d2db_snapshot_20251116_2040.json,0.62953995157385,0.62953995157385,0.0,0.0,-0.11451945033542778,False,,
91630b9c62640117918fa30d2a62d2db,2025-11-16T21:05:00Z,Arizona Cardinals,San Francisco 49ers,bovada,Bovada,h2h,Arizona Cardinals,,2.65,2.65,20251116_2040,backtest/cache/event_props_full_91630b9c62640117918fa30d2a62d2db_snapshot_20251116_2040.json,0.3629807692307692,0.37046004842615016,0.007479279195380939,0.020605166525022985,-2.115651858127684,False,,
91630b9c62640117918fa30d2a62d2db,2025-11-16T21:05:00Z,Arizona Cardinals,San Francisco 49ers,bovada,Bovada,h2h,San Francisco 49ers,,1.51,1.51,20251116_2040,backtest/cache/event_props_full_91630b9c62640117918fa30d2a62d2db_snapshot_20251116_2040.json,0.6370192307692307,0.62953995157385,-0.007479279195380717,-0.01174105715199388,2.115651858127684,False,,
e926e654cedeb65fcfcc389a5158ef4e,2025-11-16T21:05:00Z,Los Angeles Rams,Seattle Seahawks,draftkings,DraftKings,h2h,Los Angeles Rams,,1.57,1.57,20251116_2040,backtest/cache/event_props_full_e926e654cedeb65fcfcc389a5158ef4e_snapshot_20251116_2040.json,0.609452736318408,0.6120154893041092,0.002562752985701189,0.004205006939803583,-1.1635555848536707,False,,
e926e654cedeb65fcfcc389a5158ef4e,2025-11-16T21:05:00Z,Los Angeles Rams,Seattle Seahawks,draftkings,DraftKings,h2h,Seattle Seahawks,,2.45,2.45,20251116_2040,backtest/cache/event_props_full_e926e654cedeb65fcfcc389a5158ef4e_snapshot_20251116_2040.json,0.39054726368159204,0.3879845106958908,-0.0025627529857012443,-0.006561953504789174,1.163555584853689,False,,
e926e654cedeb65fcfcc389a5158ef4e,2025-11-16T21:05:00Z,Los Angeles Rams,Seattle Seahawks,betus,BetUS,h2h,Los Angeles Rams,,1.57,1.57,20251116_2040,backtest/cache/event_props_full_e926e654cedeb65fcfcc389a5158ef4e_snapshot_20251116_2040.json,0.6142506142506142,0.6120154893041092,-0.0022351249465050183,-0.00363878341291017,0.7597772390890528,False,,
e926e654cedeb65fcfcc389a5158ef4e,2025-11-16T21:05:00Z,Los Angeles Rams,Seattle Seahawks,betus,BetUS,h2h,Seattle Seahawks,,2.5,2.5,20251116_2040,backtest/cache/event_props_full_e926e654cedeb65fcfcc389a5158ef4e_snapshot_20251116_2040.json,0.3857493857493858,0.3879845106958908,0.0022351249465050183,0.005794241103360143,-0.759777239089087,False,,
e926e654cedeb65fcfcc389a5158ef4e,2025-11-16T21:05:00Z,Los Angeles Rams,Seattle Seahawks,williamhill_us,Caesars,h2h,Los Angeles Rams,,1.57,1.57,20251116_2040,backtest/cache/event_props_full_e926e654cedeb65fcfcc389a5158ef4e_snapshot_20251116_2040.json,0.609452736318408,0.6120154893041092,0.002562752985701189,0.004205006939803583,-1.1635555848536707,False,,
e926e654cedeb65fcfcc389a5158ef4e,2025-11-16T21:05:00Z,Los Angeles Rams,Seattle Seahawks,williamhill_us,Caesars,h2h,Seattle Seahawks,,2.45,2.45,20251116_2040,backtest/cache/event_props_full_e926e654cedeb65fcfcc389a5158ef4e_snapshot_20251116_2040.json,0.39054726368159204,0.3879845106958908,-0.0025627529857012443,-0.006561953504789174,1.163555584853689,False,,
e926e654cedeb65fcfcc389a5158ef4e,2025-11-16T21:05:00Z,Los Angeles Rams,Seattle Seahawks,fanduel,FanDuel,h2h,Los Angeles Rams,,1.56,1.56,20251116_2040,backtest/cache/event_props_full_e926e654cedeb65fcfcc389a5158ef4e_snapshot_20251116_2040.json,0.6157635467980296,0.6120154893041092,-0.003748057493920376,-0.00608684537012669,1.3662688735098545,False,,
e926e654cedeb65fcfcc389a5158ef4e,2025-11-16T21:05:00Z,Los Angeles Rams,Seattle Seahawks,fanduel,FanDuel,h2h,Seattle Seahawks,,2.5,2.5,20251116_2040,backtest/cache/event_props_full_e926e654cedeb65fcfcc389a5158ef4e_snapshot_20251116_2040.json,0.38423645320197053,0.3879845106958908,0.003748057493920265,0.009754559888023252,-1.3662688735098536,False,,
e926e654cedeb65fcfcc389a5158ef4e,2025-11-16T21:05:00Z,Los Angeles Rams,Seattle Seahawks,mybookieag,MyBookie.ag,h2h,Los Angeles Rams,,1.56,1.56,20251116_2040,backtest/cache/event_props_full_e926e654cedeb65fcfcc389a5158ef4e_snapshot_20251116_2040.json,0.6119402985074627,0.6120154893041092,7.519079664652928e-05,0.00012287276525164542,-0.1663626430133127,False,,
e926e654cedeb65fcfcc389a5158ef4e,2025-11-16T21:05:00Z,Los Angeles Rams,Seattle Seahawks,mybookieag,MyBookie.ag,h2h,Seattle Seahawks,,2.46,2.46,20251116_2040,backtest/cache/event_props_full_e926e654cedeb65fcfcc389a5158ef4e_snapshot_20251116_2040.json,0.3880597014925373,0.3879845106958908,-7.519079664652928e-05,-0.0001937608990506716,0.16636264301329304,False,,
e926e654cedeb65fcfcc389a5158ef4e,2025-11-16T21:05:00Z,Los Angeles Rams,Seattle Seahawks,lowvig,LowVig.ag,h2h,Los Angeles Rams,,1.59,1.59,20251116_2040,backtest/cache/event_props_full_e926e654cedeb65fcfcc389a5158ef4e_snapshot_20251116_2040.json,0.6102941176470588,0.6120154893041092,0.0017213716570504412,0.0028205607874561447,-0.8262697368782929,False,,
e926e654cedeb65fcfcc389a5158ef4e,2025-11-16T21:05:00Z,Los Angeles Rams,Seattle Seahawks,lowvig,LowVig.ag,h2h,Seattle Seahawks,,2.49,2.49,20251116_2040,backtest/cache/event_props_full_e926e654cedeb65fcfcc389a5158ef4e_snapshot_20251116_2040.json,0.3897058823529411,0.3879845106958908,-0.0017213716570503301,-0.004417104629412168,0.826269736878239,False,,
e926e654cedeb65fcfcc389a5158ef4e,2025-11-16T21:05:00Z,Los Angeles Rams,Seattle Seahawks,betonlineag,BetOnline.ag,h2h,Los Angeles Rams,,1.59,1.59,20251116_2040,backtest/cache/event_props_full_e926e654cedeb65fcfcc389a5158ef4e_snapshot_20251116_2040.json,0.6102941176470588,0.6120154893041092,0.0017213716570504412,0.0028205607874561447,-0.8262697368782929,False,,
e926e654cedeb65fcfcc389a5158ef4e,2025-11-16T21:05:00Z,Los Angeles Rams,Seattle Seahawks,betonlineag,BetOnline.ag,h2h,Seattle Seahawks,,2.49,2.49,20251116_2040,backtest/cache/event_props_full_e926e654cedeb65fcfcc389a5158ef4e_snapshot_20251116_2040.json,0.3897058823529411,0.3879845106958908,-0.0017213716570503301,-0.004417104629412168,0.826269736878239,False,,
e926e654cedeb65fcfcc389a5158ef4e,2025-11-16T21:05:00Z,Los Angeles Rams,Seattle Seahawks,betrivers,BetRivers,h2h,Los Angeles Rams,,1.54,1.54,20251116_2040,backtest/cache/event_props_full_e926e654cedeb65fcfcc389a5158ef4e_snapshot_20251116_2040.json,0.6120906801007557,0.6120154893041092,-7.519079664652928e-05,-0.00012284257723733382,-0.10607893872066385,False,,
e926e654cedeb65fcfcc389a5158ef4e,2025-11-16T21:05:00Z,Los Angeles Rams,Seattle Seahawks,betrivers,BetRivers,h2h,Seattle Seahawks,,2.43,2.43,20251116_2040,backtest/cache/event_props_full_e926e654cedeb65fcfcc389a5158ef4e_snapshot_20251116_2040.json,0.3879093198992443,0.3879845106958908,7.519079664647377e-05,0.00019383601473149407,0.1060789387206655,False,,
e926e654cedeb65fcfcc389a5158ef4e,2025-11-16T21:05:00Z,Los Angeles Rams,Seattle Seahawks,fanatics,Fanatics,h2h,Los Angeles Rams,,1.56,1.56,20251116_2040,backtest/cache/event_props_full_e926e654cedeb65fcfcc389a5158ef4e_snapshot_20251116_2040.json,0.6157635467980296,0.6120154893041092,-0.003748057493920376,-0.00608684537012669,1.3662688735098545,False,,
e926e654cedeb65fcfcc389a5158ef4e,2025-11-16T21:05:00Z,Los Angeles Rams,Seattle Seahawks,fanatics,Fanatics,h2h,Seattle Seahawks,,2.5,2.5,20251116_2040,backtest/cache/event_props_full_e926e654cedeb65fcfcc389a5158ef4e_snapshot_20251116_2040.json,0.38423645320197053,0.3879845106958908,0.003748057493920265,0.009754559888023252,-1.3662688735098536,False,,
e926e654cedeb65fcfcc389a5158ef4e,2025-11-16T21:05:00Z,Los Angeles Rams,Seattle Seahawks,bovada,Bovada,h2h,Los Angeles Rams,,1.57,1.57,20251116_2040,backtest/cache/event_props_full_e926e654cedeb65fcfcc389a5158ef4e_snapshot_20251116_2040.json,0.6142506142506142,0.6120154893041092,-0.0022351249465050183,-0.00363878341291017,0.7597772390890528,False,,
e926e654cedeb65fcfcc389a5158ef4e,2025-11-16T21:05:00Z,Los Angeles Rams,Seattle Seahawks,bovada,Bovada,h2h,Seattle Seahawks,,2.5,2.5,20251116_2040,backtest/cache/event_props_full_e926e654cedeb65fcfcc389a5158ef4e_snapshot_20251116_2040.json,0.3857493857493858,0.3879845106958908,0.0022351249465050183,0.005794241103360143,-0.759777239089087,False,,
cc60225b5a907bd9ba7c27c23131fc5c,2025-11-16T21:25:00Z,Cleveland Browns,Baltimore Ravens,draftkings,DraftKings,h2h,Baltimore Ravens,,1.23,1.23,20251116_2040,backtest/cache/event_props_full_cc60225b5a907bd9ba7c27c23131fc5c_snapshot_20251116_2040.json,0.7815275310834814,0.7829934662674877,0.001465935184006284,0.0018757307013534952,-0.658177375192626,False,,
cc60225b5a907bd9ba7c27c23131fc5c,2025-11-16T21:25:00Z,Cleveland Browns,Baltimore Ravens,draftkings,DraftKings,h2h,Cleveland Browns,,4.4,4.4,20251116_2040,backtest/cache/event_props_full_cc60225b5a907bd9ba7c27c23131fc5c_snapshot_20251116_2040.json,0.21847246891651864,0.21700653373251239,-0.0014659351840062562,-0.006709930964191238,0.658177375192642,False,,
cc60225b5a907bd9ba7c27c23131fc5c,2025-11-16T21:25:00Z,Cleveland Browns,Baltimore Ravens,betus,BetUS,h2h,Baltimore Ravens,,1.23,1.23,20251116_2040,backtest/cache/event_props_full_cc60225b5a907bd9ba7c27c23131fc5c_snapshot_20251116_2040.json,0.783450704225352,0.7829934662674877,-0.0004572379578643426,-0.0005836205844201048,-0.2397005731082308,False,,
cc60225b5a907bd9ba7c27c23131fc5c,2025-11-16T21:25:00Z,Cleveland Browns,Baltimore Ravens,betus,BetUS,h2h,Cleveland Browns,,4.45,4.45,20251116_2040,backtest/cache/event_props_full_cc60225b5a907bd9ba7c27c23131fc5c_snapshot_20251116_2040.json,0.21654929577464788,0.21700653373251239,0.00045723795786450916,0.0021114728460735056,0.23970057310821796,False,,
cc60225b5a907bd9ba7c27c23131fc5c,2025-11-16T21:25:00Z,Cleveland Browns,Baltimore Ravens,williamhill_us,Caesars,h2h,Baltimore Ravens,,1.22,1.22,20251116_2040,backtest/cache/event_props_full_cc60225b5a907bd9ba7c27c23131fc5c_snapshot_20251116_2040.json,0.7829181494661922,0.7829934662674877,7.531680129546636e-05,9.62000962001184e-05,-0.355582917602315,False,,
cc60225b5a907bd9ba7c27c23131fc5c,2025-11-16T21:25:00Z,Cleveland Browns,Baltimore Ravens,williamhill_us,Caesars,h2h,Cleveland Browns,,4.4,4.4,20251116_2040,backtest/cache/event_props_full_cc60225b5a907bd9ba7c27c23131fc5c_snapshot_20251116_2040.json,0.21708185053380782,0.21700653373251239,-7.531680129543861e-05,-0.00034695116662325,0.35558291760233196,False,,
cc60225b5a907bd9ba7c27c23131fc5c,2025-11-16T21:25:00Z,Cleveland Browns,Baltimore Ravens,fanduel,FanDuel,h2h,Baltimore Ravens,,1.22,1.22,20251116_2040,backtest/cache/event_props_full_cc60225b5a907bd9ba7c27c23131fc5c_snapshot_20251116_2040.json,0.7903780068728522,0.7829934662674877,-0.007384540605364531,-0.009343049200700343,1.2676600466313594,False,,
cc60225b5a907bd9ba7c27c23131fc5c,2025-11-16T21:25:00Z,Cleveland Browns,Baltimore Ravens,fanduel,FanDuel,h2h,Cleveland Browns,,4.6,4.6,20251116_2040,backtest/cache/event_props_full_cc60225b5a907bd9ba7c27c23131fc5c_snapshot_20251116_2040.json,0.20962199312714777,0.21700653373251239,0.0073845406053646145,0.035227890428870534,-1.2676600466313495,False,,
cc60225b5a907bd9ba7c27c23131fc5c,2025-11-16T21:25:00Z,Cleveland Browns,Baltimore Ravens,mybookieag,MyBookie.ag,h2h,Baltimore Ravens,,1.22,1.22,20251116_2040,backtest/cache/event_props_full_cc60225b5a907bd9ba7c27c23131fc5c_snapshot_20251116_2040.json,0.7825311942959002,0.7829934662674877,0.0004622719715874357,0.0005907393532131012,-0.4397832210946456,False,,
cc60225b5a907bd9ba7c27c23131fc5c,2025-11-16T21:25:00Z,Cleveland Browns,Baltimore Ravens,mybookieag,MyBookie.ag,h2h,Cleveland Browns,,4.39,4.39,20251116_2040,backtest/cache/event_props_full_cc60225b5a907bd9ba7c27c23131fc5c_snapshot_20251116_2040.json,0.21746880570409985,0.21700653373251239,-0.00046227197158746347,-0.00212569324639809,0.43978322109467444,False,,
cc60225b5a907bd9ba7c27c23131fc5c,2025-11-16T21:25:00Z,Cleveland Browns,Baltimore Ravens,betonlineag,BetOnline.ag,h2h,Baltimore Ravens,,1.23,1.23,20251116_2040,backtest/cache/event_props_full_cc60225b5a907bd9ba7c27c23131fc5c_snapshot_20251116_2040.json,0.7830687830687831,0.7829934662674877,-7.531680129546636e-05,-9.618159084353474e-05,-0.3228054900653482,False,,
cc60225b5a907bd9ba7c27c23131fc5c,2025-11-16T21:25:00Z,Cleveland Browns,Baltimore Ravens,betonlineag,BetOnline.ag,h2h,Cleveland Browns,,4.44,4.44,20251116_2040,backtest/cache/event_props_full_cc60225b5a907bd9ba7c27c23131fc5c_snapshot_20251116_2040.json,0.21693121693121692,0.21700653373251239,7.531680129546636e-05,0.00034719208402056445,0.3228054900653713,False,,
cc60225b5a907bd9ba7c27c23131fc5c,2025-11-16T21:25:00Z,Cleveland Browns,Baltimore Ravens,lowvig,LowVig.ag,h2h,Baltimore Ravens,,1.23,1.23,20251116_2040,backtest/cache/event_props_full_cc60225b5a907bd9ba7c27c23131fc5c_snapshot_20251116_2040.json,0.7830687830687831,0.7829934662674877,-7.531680129546636e-05,-9.618159084353474e-05,-0.3228054900653482,False,,
cc60225b5a907bd9ba7c27c23131fc5c,2025-11-16T21:25:00Z,Cleveland Browns,Baltimore Ravens,lowvig,LowVig.ag,h2h,Cleveland Browns,,4.44,4.44,20251116_2040,backtest/cache/event_props_full_cc60225b5a907bd9ba7c27c23131fc5c_snapshot_20251116_2040.json,0.21693121693121692,0.21700653373251239,7.531680129546636e-05,0.00034719208402056445,0.3228054900653713,False,,
cc60225b5a907bd9ba7c27c23131fc5c,2025-11-16T21:25:00Z,Cleveland Browns,Baltimore Ravens,betrivers,BetRivers,h2h,Baltimore Ravens,,1.21,1.21,20251116_2040,backtest/cache/event_props_full_cc60225b5a907bd9ba7c27c23131fc5c_snapshot_20251116_2040.json,0.7803992740471869,0.7829934662674877,0.002594192220300773,0.0033241858450830833,-0.9036827777995311,False,,
cc60225b5a907bd9ba7c27c23131fc5c,2025-11-16T21:25:00Z,Cleveland Browns,Baltimore Ravens,betrivers,BetRivers,h2h,Cleveland Browns,,4.3,4.3,20251116_2040,backtest/cache/event_props_full_cc60225b5a907bd9ba7c27c23131fc5c_snapshot_20251116_2040.json,0.21960072595281305,0.21700653373251239,-0.0025941922203006618,-0.011813222424674915,0.9036827777995282,False,,
cc60225b5a907bd9ba7c27c23131fc5c,2025-11-16T21:25:00Z,Cleveland Browns,Baltimore Ravens,fanatics,Fanatics,h2h,Baltimore Ravens,,1.21,1.21,20251116_2040,backtest/cache/event_props_full_cc60225b5a907bd9ba7c27c23131fc5c_snapshot_20251116_2040.json,0.7952622673434856,0.7829934662674877,-0.012268801075997926,-0.015427364757265478,2.3304607158991213,False,,
cc60225b5a907bd9ba7c27c23131fc5c,2025-11-16T21:25:00Z,Cleveland Browns,Baltimore Ravens,fanatics,Fanatics,h2h,Cleveland Browns,,4.7,4.7,20251116_2040,backtest/cache/event_props_full_cc60225b5a907bd9ba7c27c23131fc5c_snapshot_20251116_2040.json,0.20473773265651438,0.21700653373251239,0.01226880107599801,0.05992447467698202,-2.3304607158991075,False,,
cc60225b5a907bd9ba7c27c23131fc5c,2025-11-16T21:25:00Z,Cleveland Browns,Baltimore Ravens,bovada,Bovada,h2h,Baltimore Ravens,,1.22,1.22,20251116_2040,backtest/cache/event_props_full_cc60225b5a907bd9ba7c27c23131fc5c_snapshot_20251116_2040.json,0.7829181494661922,0.7829934662674877,7.531680129546636e-05,9.62000962001184e-05,-0.355582917602315,False,,
cc60225b5a907bd9ba7c27c23131fc5c,2025-11-16T21:25:00Z,Cleveland Browns,Baltimore Ravens,bovada,Bovada,h2h,Cleveland Browns,,4.4,4.4,20251116_2040,backtest/cache/event_props_full_cc60225b5a907bd9ba7c27c23131fc5c_snapshot_20251116_2040.json,0.21708185053380782,0.21700653373251239,-7.531680129543861e-05,-0.00034695116662325,0.35558291760233196,False,,
96ce7785b0980b03282c7e10d4c58d4a,2025-11-16T21:25:00Z,Denver Broncos,Kansas City Chiefs,draftkings,DraftKings,h2h,Denver Broncos,,2.8,2.8,20251116_2040,backtest/cache/event_props_full_96ce7785b0980b03282c7e10d4c58d4a_snapshot_20251116_2040.json,0.34272300469483574,0.3446619021440352,0.0019388974491994504,0.005657330913417574,-0.4647079749483748,False,,
96ce7785b0980b03282c7e10d4c58d4a,2025-11-16T21:25:00Z,Denver Broncos,Kansas City Chiefs,draftkings,DraftKings,h2h,Kansas City Chiefs,,1.46,1.46,20251116_2040,backtest/cache/event_props_full_96ce7785b0980b03282c7e10d4c58d4a_snapshot_20251116_2040.json,0.6572769953051644,0.6553380978559649,-0.001938897449199506,-0.0029498939762821054,0.4647079749483953,False,,
96ce7785b0980b03282c7e10d4c58d4a,2025-11-16T21:25:00Z,Denver Broncos,Kansas City Chiefs,williamhill_us,Caesars,h2h,Denver Broncos,,2.79,2.79,20251116_2040,backtest/cache/event_props_full_96ce7785b0980b03282c7e10d4c58d4a_snapshot_20251116_2040.json,0.3435294117647059,0.3446619021440352,0.0011324903793292762,0.0032966329535270024,-0.3100877417623662,False,,
96ce7785b0980b03282c7e10d4c58d4a,2025-11-16T21:25:00Z,Denver Broncos,Kansas City Chiefs,williamhill_us,Caesars,h2h,Kansas City Chiefs,,1.46,1.46,20251116_2040,backtest/cache/event_props_full_96ce7785b0980b03282c7e10d4c58d4a_snapshot_20251116_2040.json,0.6564705882352941,0.6553380978559649,-0.0011324903793292762,-0.0017251197534585748,0.3100877417623763,False,,
96ce7785b0980b03282c7e10d4c58d4a,2025-11-16T21:25:00Z,Denver Broncos,Kansas City Chiefs,fanduel,FanDuel,h2h,Denver Broncos,,2.84,2.84,20251116_2040,backtest/cache/event_props_full_96ce7785b0980b03282c7e10d4c58d4a_snapshot_20251116_2040.json,0.33799533799533804,0.3446619021440352,0.006666564148697152,0.01972383461924881,-1.3711892730596957,False,,
96ce7785b0980b03282c7e10d4c58d4a,2025-11-16T21:25:00Z,Denver Broncos,Kansas City Chiefs,fanduel,FanDuel,h2h,Kansas City Chiefs,,1.45,1.45,20251116_2040,backtest/cache/event_props_full_96ce7785b0980b03282c7e10d4c58d4a_snapshot_20251116_2040.json,0.662004662004662,0.6553380978559649,-0.006666564148697152,-0.010070267675320698,1.371189273059704,False,,
96ce7785b0980b03282c7e10d4c58d4a,2025-11-16T21:25:00Z,Denver Broncos,Kansas City Chiefs,mybookieag,MyBookie.ag,h2h,Denver Broncos,,2.79,2.79,20251116_2040,backtest/cache/event_props_full_96ce7785b0980b03282c7e10d4c58d4a_snapshot_20251116_2040.json,0.34198113207547165,0.3446619021440352,0.0026807700685635427,0.007838941441868568,-0.6069543932726316,False,,
96ce7785b0980b03282c7e10d4c58d4a,2025-11-16T21:25:00Z,Denver Broncos,Kansas City Chiefs,mybookieag,MyBookie.ag,h2h,Kansas City Chiefs,,1.45,1.45,20251116_2040,backtest/cache/event_props_full_96ce7785b0980b03282c7e10d4c58d4a_snapshot_20251116_2040.json,0.6580188679245282,0.6553380978559649,-0.002680770068563376,-0.00407400182462678,0.6069543932726092,False,,
96ce7785b0980b03282c7e10d4c58d4a,2025-11-16T21:25:00Z,Denver Broncos,Kansas City Chiefs,betus,BetUS,h2h,Denver Broncos,,2.8,2.8,20251116_2040,backtest/cache/event_props_full_96ce7785b0980b03282c7e10d4c58d4a_snapshot_20251116_2040.json,0.34579439252336447,0.3446619021440352,-0.0011324903793292762,-0.003275039745627907,0.12419894315222615,False,,
96ce7785b0980b03282c7e10d4c58d4a,2025-11-16T21:25:00Z,Denver Broncos,Kansas City Chiefs,betus,BetUS,h2h,Kansas City Chiefs,,1.48,1.48,20251116_2040,backtest/cache/event_props_full_96ce7785b0980b03282c7e10d4c58d4a_snapshot_20251116_2040.json,0.6542056074766355,0.6553380978559649,0.0011324903793293872,0.0017310924369749205,-0.1241989431522366,False,,
96ce7785b0980b03282c7e10d4c58d4a,2025-11-16T21:25:00Z,Denver Broncos,Kansas City Chiefs,lowvig,LowVig.ag,h2h,Denver Broncos,,2.8,2.8,20251116_2040,backtest/cache/event_props_full_96ce7785b0980b03282c7e10d4c58d4a_snapshot_20251116_2040.json,0.34579439252336447,0.3446619021440352,-0.0011324903793292762,-0.003275039745627907,0.12419894315222615,False,,
96ce7785b0980b03282c7e10d4c58d4a,2025-11-16T21:25:00Z,Denver Broncos,Kansas City Chiefs,lowvig,LowVig.ag,h2h,Kansas City Chiefs,,1.48,1.48,20251116_2040,backtest/cache/event_props_full_96ce7785b0980b03282c7e10d4c58d4a_snapshot_20251116_2040.json,0.6542056074766355,0.6553380978559649,0.0011324903793293872,0.0017310924369749205,-0.1241989431522366,False,,
96ce7785b0980b03282c7e10d4c58d4a,2025-11-16T21:25:00Z,Denver Broncos,Kansas City Chiefs,betonlineag,BetOnline.ag,h2h,Denver Broncos,,2.8,2.8,20251116_2040,backtest/cache/event_props_full_96ce7785b0980b03282c7e10d4c58d4a_snapshot_20251116_2040.json,0.34579439252336447,0.3446619021440352,-0.0011324903793292762,-0.003275039745627907,0.12419894315222615,False,,
96ce7785b0980b03282c7e10d4c58d4a,2025-11-16T21:25:00Z,Denver Broncos,Kansas City Chiefs,betonlineag,BetOnline.ag,h2h,Kansas City Chiefs,,1.48,1.48,20251116_2040,backtest/cache/event_props_full_96ce7785b0980b03282c7e10d4c58d4a_snapshot_20251116_2040.json,0.6542056074766355,0.6553380978559649,0.0011324903793293872,0.0017310924369749205,-0.1241989431522366,False,,
96ce7785b0980b03282c7e10d4c58d4a,2025-11-16T21:25:00Z,Denver Broncos,Kansas City Chiefs,betrivers,BetRivers,h2h,Denver Broncos,,2.65,2.65,20251116_2040,backtest/cache/event_props_full_96ce7785b0980b03282c7e10d4c58d4a_snapshot_20251116_2040.json,0.3567961165048544,0.3446619021440352,-0.012134214360819184,-0.03400881848066329,2.233665974164164,False,,
96ce7785b0980b03282c7e10d4c58d4a,2025-11-16T21:25:00Z,Denver Broncos,Kansas City Chiefs,betrivers,BetRivers,h2h,Kansas City Chiefs,,1.47,1.47,20251116_2040,backtest/cache/event_props_full_96ce7785b0980b03282c7e10d4c58d4a_snapshot_20251116_2040.json,0.6432038834951456,0.6553380978559649,0.012134214360819295,0.018865269119462454,-2.2336659741641705,False,,
96ce7785b0980b03282c7e10d4c58d4a,2025-11-16T21:25:00Z,Denver Broncos,Kansas City Chiefs,fanatics,Fanatics,h2h,Denver Broncos,,2.75,2.75,20251116_2040,backtest/cache/event_props_full_96ce7785b0980b03282c7e10d4c58d4a_snapshot_20251116_2040.json,0.3498817966903074,0.3446619021440352,-0.005219894546272197,-0.014919022926169857,0.9079165084259586,False,,
96ce7785b0980b03282c7e10d4c58d4a,2025-11-16T21:25:00Z,Denver Broncos,Kansas City Chiefs,fanatics,Fanatics,h2h,Kansas City Chiefs,,1.48,1.48,20251116_2040,backtest/cache/event_props_full_96ce7785b0980b03282c7e10d4c58d4a_snapshot_20251116_2040.json,0.6501182033096927,0.6553380978559649,0.005219894546272141,0.008029146883902239,-0.9079165084259357,False,,
96ce7785b0980b03282c7e10d4c58d4a,2025-11-16T21:25:00Z,Denver Broncos,Kansas City Chiefs,bovada,Bovada,h2h,Denver Broncos,,2.8,2.8,20251116_2040,backtest/cache/event_props_full_96ce7785b0980b03282c7e10d4c58d4a_snapshot_20251116_2040.json,0.34117647058823525,0.3446619021440352,0.003485431555799945,0.010215920077344667,-0.7612399290037645,False,,
96ce7785b0980b03282c7e10d4c58d4a,2025-11-16T21:25:00Z,Denver Broncos,Kansas City Chiefs,bovada,Bovada,h2h,Kansas City Chiefs,,1.45,1.45,20251116_2040,backtest/cache/event_props_full_96ce7785b0980b03282c7e10d4c58d4a_snapshot_20251116_2040.json,0.6588235294117647,0.6553380978559649,-0.003485431555799834,-0.0052903871829104625,0.7612399290037526,False,,
