event_id,market_key,outcome_name,bookmaker_key,bookmaker_title,price,median_price,pct_diff,point,snapshot,raw_path
229a5e9ce60dcb344a8cc3c97121154e,h2h,Minnesota Vikings,bovada,Bovada,7.5,4.8,0.5625000000000001,,20251116_2025,backtest/cache/event_props_229a5e9ce60dcb344a8cc3c97121154e_snapshot_20251116_2025.json
fd2f29289d6437a7c07d4780c5f04936,h2h,Tennessee Titans,draftkings,DraftKings,8.5,6.75,0.25925925925925924,,20251116_2025,backtest/cache/event_props_fd2f29289d6437a7c07d4780c5f04936_snapshot_20251116_2025.json
5c06e82838fcfade9adf1e89b8bd3081,h2h,New York Giants,mybookieag,MyBookie.ag,5.0,4.0,0.25,,20251116_2025,backtest/cache/event_props_5c06e82838fcfade9adf1e89b8bd3081_snapshot_20251116_2025.json
fd2f29289d6437a7c07d4780c5f04936,h2h,Tennessee Titans,betrivers,BetRivers,8.0,6.75,0.18518518518518517,,20251116_2025,backtest/cache/event_props_fd2f29289d6437a7c07d4780c5f04936_snapshot_20251116_2025.json
0ae85bbc3711ad0cb94475a40e2364f0,h2h,Carolina Panthers,bovada,Bovada,3.0,2.6,0.1538461538461538,,20251116_2025,backtest/cache/event_props_0ae85bbc3711ad0cb94475a40e2364f0_snapshot_20251116_2025.json
96377d2fb55e3cef733cecccdecaed5f,h2h,Tampa Bay Buccaneers,fanatics,Fanatics,4.1,3.75,0.09333333333333324,,20251116_2025,backtest/cache/event_props_96377d2fb55e3cef733cecccdecaed5f_snapshot_20251116_2025.json
229a5e9ce60dcb344a8cc3c97121154e,h2h,Minnesota Vikings,williamhill_us,Caesars,5.2,4.8,0.08333333333333341,,20251116_2025,backtest/cache/event_props_229a5e9ce60dcb344a8cc3c97121154e_snapshot_20251116_2025.json
fd2f29289d6437a7c07d4780c5f04936,h2h,Houston Texans,mybookieag,MyBookie.ag,1.18,1.09,0.08256880733944941,,20251116_2025,backtest/cache/event_props_fd2f29289d6437a7c07d4780c5f04936_snapshot_20251116_2025.json
229a5e9ce60dcb344a8cc3c97121154e,h2h,Chicago Bears,fanatics,Fanatics,1.25,1.16,0.0775862068965518,,20251116_2025,backtest/cache/event_props_229a5e9ce60dcb344a8cc3c97121154e_snapshot_20251116_2025.json
229a5e9ce60dcb344a8cc3c97121154e,h2h,Chicago Bears,draftkings,DraftKings,1.24,1.16,0.06896551724137938,,20251116_2025,backtest/cache/event_props_229a5e9ce60dcb344a8cc3c97121154e_snapshot_20251116_2025.json
96377d2fb55e3cef733cecccdecaed5f,h2h,Tampa Bay Buccaneers,mybookieag,MyBookie.ag,4.0,3.75,0.06666666666666667,,20251116_2025,backtest/cache/event_props_96377d2fb55e3cef733cecccdecaed5f_snapshot_20251116_2025.json
cc60225b5a907bd9ba7c27c23131fc5c,h2h,Cleveland Browns,fanatics,Fanatics,4.7,4.42,0.06334841628959281,,20251116_2025,backtest/cache/event_props_cc60225b5a907bd9ba7c27c23131fc5c_snapshot_20251116_2025.json
5c06e82838fcfade9adf1e89b8bd3081,h2h,New York Giants,betrivers,BetRivers,4.2,4.0,0.050000000000000044,,20251116_2025,backtest/cache/event_props_5c06e82838fcfade9adf1e89b8bd3081_snapshot_20251116_2025.json
229a5e9ce60dcb344a8cc3c97121154e,h2h,Minnesota Vikings,fanduel,FanDuel,5.0,4.8,0.041666666666666706,,20251116_2025,backtest/cache/event_props_229a5e9ce60dcb344a8cc3c97121154e_snapshot_20251116_2025.json
cc60225b5a907bd9ba7c27c23131fc5c,h2h,Cleveland Browns,fanduel,FanDuel,4.6,4.42,0.04072398190045243,,20251116_2025,backtest/cache/event_props_cc60225b5a907bd9ba7c27c23131fc5c_snapshot_20251116_2025.json
0ae85bbc3711ad0cb94475a40e2364f0,h2h,Atlanta Falcons,betrivers,BetRivers,1.54,1.48,0.04054054054054058,,20251116_2025,backtest/cache/event_props_0ae85bbc3711ad0cb94475a40e2364f0_snapshot_20251116_2025.json
fd2f29289d6437a7c07d4780c5f04936,h2h,Tennessee Titans,fanatics,Fanatics,7.0,6.75,0.037037037037037035,,20251116_2025,backtest/cache/event_props_fd2f29289d6437a7c07d4780c5f04936_snapshot_20251116_2025.json
5c06e82838fcfade9adf1e89b8bd3081,h2h,Green Bay Packers,williamhill_us,Caesars,1.28,1.24,0.03225806451612906,,20251116_2025,backtest/cache/event_props_5c06e82838fcfade9adf1e89b8bd3081_snapshot_20251116_2025.json
5c06e82838fcfade9adf1e89b8bd3081,h2h,New York Giants,fanatics,Fanatics,4.1,4.0,0.02499999999999991,,20251116_2025,backtest/cache/event_props_5c06e82838fcfade9adf1e89b8bd3081_snapshot_20251116_2025.json
e926e654cedeb65fcfcc389a5158ef4e,h2h,Seattle Seahawks,bovada,Bovada,2.55,2.49,0.024096385542168516,,20251116_2025,backtest/cache/event_props_e926e654cedeb65fcfcc389a5158ef4e_snapshot_20251116_2025.json
96377d2fb55e3cef733cecccdecaed5f,h2h,Buffalo Bills,fanduel,FanDuel,1.28,1.25,0.02400000000000002,,20251116_2025,backtest/cache/event_props_96377d2fb55e3cef733cecccdecaed5f_snapshot_20251116_2025.json
96377d2fb55e3cef733cecccdecaed5f,h2h,Buffalo Bills,bovada,Bovada,1.28,1.25,0.02400000000000002,,20251116_2025,backtest/cache/event_props_96377d2fb55e3cef733cecccdecaed5f_snapshot_20251116_2025.json
0ae85bbc3711ad0cb94475a40e2364f0,h2h,Carolina Panthers,mybookieag,MyBookie.ag,2.65,2.6,0.019230769230769162,,20251116_2025,backtest/cache/event_props_0ae85bbc3711ad0cb94475a40e2364f0_snapshot_20251116_2025.json
91630b9c62640117918fa30d2a62d2db,h2h,Arizona Cardinals,bovada,Bovada,2.65,2.6,0.019230769230769162,,20251116_2025,backtest/cache/event_props_91630b9c62640117918fa30d2a62d2db_snapshot_20251116_2025.json
229a5e9ce60dcb344a8cc3c97121154e,h2h,Chicago Bears,mybookieag,MyBookie.ag,1.18,1.16,0.017241379310344845,,20251116_2025,backtest/cache/event_props_229a5e9ce60dcb344a8cc3c97121154e_snapshot_20251116_2025.json
5c06e82838fcfade9adf1e89b8bd3081,h2h,Green Bay Packers,bovada,Bovada,1.26,1.24,0.01612903225806453,,20251116_2025,backtest/cache/event_props_5c06e82838fcfade9adf1e89b8bd3081_snapshot_20251116_2025.json
96377d2fb55e3cef733cecccdecaed5f,h2h,Buffalo Bills,draftkings,DraftKings,1.27,1.25,0.016000000000000014,,20251116_2025,backtest/cache/event_props_96377d2fb55e3cef733cecccdecaed5f_snapshot_20251116_2025.json
e926e654cedeb65fcfcc389a5158ef4e,h2h,Los Angeles Rams,lowvig,LowVig.ag,1.59,1.565,0.015974440894568776,,20251116_2025,backtest/cache/event_props_e926e654cedeb65fcfcc389a5158ef4e_snapshot_20251116_2025.json
e926e654cedeb65fcfcc389a5158ef4e,h2h,Los Angeles Rams,betonlineag,BetOnline.ag,1.59,1.565,0.015974440894568776,,20251116_2025,backtest/cache/event_props_e926e654cedeb65fcfcc389a5158ef4e_snapshot_20251116_2025.json
96ce7785b0980b03282c7e10d4c58d4a,h2h,Denver Broncos,fanduel,FanDuel,2.84,2.8,0.0142857142857143,,20251116_2025,backtest/cache/event_props_96ce7785b0980b03282c7e10d4c58d4a_snapshot_20251116_2025.json
96ce7785b0980b03282c7e10d4c58d4a,h2h,Kansas City Chiefs,betus,BetUS,1.48,1.46,0.013698630136986314,,20251116_2025,backtest/cache/event_props_96ce7785b0980b03282c7e10d4c58d4a_snapshot_20251116_2025.json
96ce7785b0980b03282c7e10d4c58d4a,h2h,Kansas City Chiefs,lowvig,LowVig.ag,1.48,1.46,0.013698630136986314,,20251116_2025,backtest/cache/event_props_96ce7785b0980b03282c7e10d4c58d4a_snapshot_20251116_2025.json
96ce7785b0980b03282c7e10d4c58d4a,h2h,Kansas City Chiefs,betonlineag,BetOnline.ag,1.48,1.46,0.013698630136986314,,20251116_2025,backtest/cache/event_props_96ce7785b0980b03282c7e10d4c58d4a_snapshot_20251116_2025.json
96ce7785b0980b03282c7e10d4c58d4a,h2h,Kansas City Chiefs,fanatics,Fanatics,1.48,1.46,0.013698630136986314,,20251116_2025,backtest/cache/event_props_96ce7785b0980b03282c7e10d4c58d4a_snapshot_20251116_2025.json
91630b9c62640117918fa30d2a62d2db,h2h,Arizona Cardinals,lowvig,LowVig.ag,2.63,2.6,0.011538461538461463,,20251116_2025,backtest/cache/event_props_91630b9c62640117918fa30d2a62d2db_snapshot_20251116_2025.json
91630b9c62640117918fa30d2a62d2db,h2h,Arizona Cardinals,betonlineag,BetOnline.ag,2.63,2.6,0.011538461538461463,,20251116_2025,backtest/cache/event_props_91630b9c62640117918fa30d2a62d2db_snapshot_20251116_2025.json
fd2f29289d6437a7c07d4780c5f04936,h2h,Houston Texans,fanduel,FanDuel,1.1,1.09,0.009174311926605512,,20251116_2025,backtest/cache/event_props_fd2f29289d6437a7c07d4780c5f04936_snapshot_20251116_2025.json
fd2f29289d6437a7c07d4780c5f04936,h2h,Houston Texans,bovada,Bovada,1.1,1.09,0.009174311926605512,,20251116_2025,backtest/cache/event_props_fd2f29289d6437a7c07d4780c5f04936_snapshot_20251116_2025.json
cc60225b5a907bd9ba7c27c23131fc5c,h2h,Baltimore Ravens,draftkings,DraftKings,1.23,1.22,0.008196721311475417,,20251116_2025,backtest/cache/event_props_cc60225b5a907bd9ba7c27c23131fc5c_snapshot_20251116_2025.json
cc60225b5a907bd9ba7c27c23131fc5c,h2h,Baltimore Ravens,betus,BetUS,1.23,1.22,0.008196721311475417,,20251116_2025,backtest/cache/event_props_cc60225b5a907bd9ba7c27c23131fc5c_snapshot_20251116_2025.json
cc60225b5a907bd9ba7c27c23131fc5c,h2h,Baltimore Ravens,betonlineag,BetOnline.ag,1.23,1.22,0.008196721311475417,,20251116_2025,backtest/cache/event_props_cc60225b5a907bd9ba7c27c23131fc5c_snapshot_20251116_2025.json
cc60225b5a907bd9ba7c27c23131fc5c,h2h,Baltimore Ravens,lowvig,LowVig.ag,1.23,1.22,0.008196721311475417,,20251116_2025,backtest/cache/event_props_cc60225b5a907bd9ba7c27c23131fc5c_snapshot_20251116_2025.json
5c06e82838fcfade9adf1e89b8bd3081,h2h,Green Bay Packers,fanduel,FanDuel,1.25,1.24,0.008064516129032265,,20251116_2025,backtest/cache/event_props_5c06e82838fcfade9adf1e89b8bd3081_snapshot_20251116_2025.json
0ae85bbc3711ad0cb94475a40e2364f0,h2h,Carolina Panthers,fanduel,FanDuel,2.62,2.6,0.007692307692307699,,20251116_2025,backtest/cache/event_props_0ae85bbc3711ad0cb94475a40e2364f0_snapshot_20251116_2025.json
cc60225b5a907bd9ba7c27c23131fc5c,h2h,Cleveland Browns,betus,BetUS,4.45,4.42,0.006787330316742138,,20251116_2025,backtest/cache/event_props_cc60225b5a907bd9ba7c27c23131fc5c_snapshot_20251116_2025.json
91630b9c62640117918fa30d2a62d2db,h2h,San Francisco 49ers,betus,BetUS,1.54,1.53,0.006535947712418306,,20251116_2025,backtest/cache/event_props_91630b9c62640117918fa30d2a62d2db_snapshot_20251116_2025.json
cc60225b5a907bd9ba7c27c23131fc5c,h2h,Cleveland Browns,betonlineag,BetOnline.ag,4.44,4.42,0.004524886877828159,,20251116_2025,backtest/cache/event_props_cc60225b5a907bd9ba7c27c23131fc5c_snapshot_20251116_2025.json
cc60225b5a907bd9ba7c27c23131fc5c,h2h,Cleveland Browns,lowvig,LowVig.ag,4.44,4.42,0.004524886877828159,,20251116_2025,backtest/cache/event_props_cc60225b5a907bd9ba7c27c23131fc5c_snapshot_20251116_2025.json
e926e654cedeb65fcfcc389a5158ef4e,h2h,Seattle Seahawks,betus,BetUS,2.5,2.49,0.004016064257028026,,20251116_2025,backtest/cache/event_props_e926e654cedeb65fcfcc389a5158ef4e_snapshot_20251116_2025.json
e926e654cedeb65fcfcc389a5158ef4e,h2h,Seattle Seahawks,fanduel,FanDuel,2.5,2.49,0.004016064257028026,,20251116_2025,backtest/cache/event_props_e926e654cedeb65fcfcc389a5158ef4e_snapshot_20251116_2025.json
e926e654cedeb65fcfcc389a5158ef4e,h2h,Seattle Seahawks,fanatics,Fanatics,2.5,2.49,0.004016064257028026,,20251116_2025,backtest/cache/event_props_e926e654cedeb65fcfcc389a5158ef4e_snapshot_20251116_2025.json
96ce7785b0980b03282c7e10d4c58d4a,h2h,Denver Broncos,mybookieag,MyBookie.ag,2.81,2.8,0.003571428571428654,,20251116_2025,backtest/cache/event_props_96ce7785b0980b03282c7e10d4c58d4a_snapshot_20251116_2025.json
e926e654cedeb65fcfcc389a5158ef4e,h2h,Los Angeles Rams,draftkings,DraftKings,1.57,1.565,0.003194888178913812,,20251116_2025,backtest/cache/event_props_e926e654cedeb65fcfcc389a5158ef4e_snapshot_20251116_2025.json
e926e654cedeb65fcfcc389a5158ef4e,h2h,Los Angeles Rams,betus,BetUS,1.57,1.565,0.003194888178913812,,20251116_2025,backtest/cache/event_props_e926e654cedeb65fcfcc389a5158ef4e_snapshot_20251116_2025.json
e926e654cedeb65fcfcc389a5158ef4e,h2h,Los Angeles Rams,williamhill_us,Caesars,1.57,1.565,0.003194888178913812,,20251116_2025,backtest/cache/event_props_e926e654cedeb65fcfcc389a5158ef4e_snapshot_20251116_2025.json
96377d2fb55e3cef733cecccdecaed5f,h2h,Buffalo Bills,williamhill_us,Caesars,1.25,1.25,0.0,,20251116_2025,backtest/cache/event_props_96377d2fb55e3cef733cecccdecaed5f_snapshot_20251116_2025.json
96377d2fb55e3cef733cecccdecaed5f,h2h,Tampa Bay Buccaneers,williamhill_us,Caesars,3.75,3.75,0.0,,20251116_2025,backtest/cache/event_props_96377d2fb55e3cef733cecccdecaed5f_snapshot_20251116_2025.json
96377d2fb55e3cef733cecccdecaed5f,h2h,Tampa Bay Buccaneers,betrivers,BetRivers,3.75,3.75,0.0,,20251116_2025,backtest/cache/event_props_96377d2fb55e3cef733cecccdecaed5f_snapshot_20251116_2025.json
229a5e9ce60dcb344a8cc3c97121154e,h2h,Chicago Bears,fanduel,FanDuel,1.16,1.16,0.0,,20251116_2025,backtest/cache/event_props_229a5e9ce60dcb344a8cc3c97121154e_snapshot_20251116_2025.json
229a5e9ce60dcb344a8cc3c97121154e,h2h,Minnesota Vikings,betrivers,BetRivers,4.8,4.8,0.0,,20251116_2025,backtest/cache/event_props_229a5e9ce60dcb344a8cc3c97121154e_snapshot_20251116_2025.json
5c06e82838fcfade9adf1e89b8bd3081,h2h,Green Bay Packers,draftkings,DraftKings,1.24,1.24,0.0,,20251116_2025,backtest/cache/event_props_5c06e82838fcfade9adf1e89b8bd3081_snapshot_20251116_2025.json
5c06e82838fcfade9adf1e89b8bd3081,h2h,New York Giants,draftkings,DraftKings,4.0,4.0,0.0,,20251116_2025,backtest/cache/event_props_5c06e82838fcfade9adf1e89b8bd3081_snapshot_20251116_2025.json
fd2f29289d6437a7c07d4780c5f04936,h2h,Houston Texans,williamhill_us,Caesars,1.09,1.09,0.0,,20251116_2025,backtest/cache/event_props_fd2f29289d6437a7c07d4780c5f04936_snapshot_20251116_2025.json
fd2f29289d6437a7c07d4780c5f04936,h2h,Tennessee Titans,williamhill_us,Caesars,6.75,6.75,0.0,,20251116_2025,backtest/cache/event_props_fd2f29289d6437a7c07d4780c5f04936_snapshot_20251116_2025.json
fd2f29289d6437a7c07d4780c5f04936,h2h,Houston Texans,fanatics,Fanatics,1.09,1.09,0.0,,20251116_2025,backtest/cache/event_props_fd2f29289d6437a7c07d4780c5f04936_snapshot_20251116_2025.json
0ae85bbc3711ad0cb94475a40e2364f0,h2h,Atlanta Falcons,draftkings,DraftKings,1.48,1.48,0.0,,20251116_2025,backtest/cache/event_props_0ae85bbc3711ad0cb94475a40e2364f0_snapshot_20251116_2025.json
0ae85bbc3711ad0cb94475a40e2364f0,h2h,Carolina Panthers,draftkings,DraftKings,2.6,2.6,0.0,,20251116_2025,backtest/cache/event_props_0ae85bbc3711ad0cb94475a40e2364f0_snapshot_20251116_2025.json
0ae85bbc3711ad0cb94475a40e2364f0,h2h,Atlanta Falcons,williamhill_us,Caesars,1.48,1.48,0.0,,20251116_2025,backtest/cache/event_props_0ae85bbc3711ad0cb94475a40e2364f0_snapshot_20251116_2025.json
0ae85bbc3711ad0cb94475a40e2364f0,h2h,Atlanta Falcons,fanduel,FanDuel,1.48,1.48,0.0,,20251116_2025,backtest/cache/event_props_0ae85bbc3711ad0cb94475a40e2364f0_snapshot_20251116_2025.json
0ae85bbc3711ad0cb94475a40e2364f0,h2h,Atlanta Falcons,fanatics,Fanatics,1.48,1.48,0.0,,20251116_2025,backtest/cache/event_props_0ae85bbc3711ad0cb94475a40e2364f0_snapshot_20251116_2025.json
0ae85bbc3711ad0cb94475a40e2364f0,h2h,Carolina Panthers,fanatics,Fanatics,2.6,2.6,0.0,,20251116_2025,backtest/cache/event_props_0ae85bbc3711ad0cb94475a40e2364f0_snapshot_20251116_2025.json
91630b9c62640117918fa30d2a62d2db,h2h,Arizona Cardinals,draftkings,DraftKings,2.6,2.6,0.0,,20251116_2025,backtest/cache/event_props_91630b9c62640117918fa30d2a62d2db_snapshot_20251116_2025.json
91630b9c62640117918fa30d2a62d2db,h2h,San Francisco 49ers,williamhill_us,Caesars,1.53,1.53,0.0,,20251116_2025,backtest/cache/event_props_91630b9c62640117918fa30d2a62d2db_snapshot_20251116_2025.json
91630b9c62640117918fa30d2a62d2db,h2h,Arizona Cardinals,fanduel,FanDuel,2.6,2.6,0.0,,20251116_2025,backtest/cache/event_props_91630b9c62640117918fa30d2a62d2db_snapshot_20251116_2025.json
91630b9c62640117918fa30d2a62d2db,h2h,San Francisco 49ers,fanduel,FanDuel,1.53,1.53,0.0,,20251116_2025,backtest/cache/event_props_91630b9c62640117918fa30d2a62d2db_snapshot_20251116_2025.json
91630b9c62640117918fa30d2a62d2db,h2h,San Francisco 49ers,lowvig,LowVig.ag,1.53,1.53,0.0,,20251116_2025,backtest/cache/event_props_91630b9c62640117918fa30d2a62d2db_snapshot_20251116_2025.json
91630b9c62640117918fa30d2a62d2db,h2h,San Francisco 49ers,betonlineag,BetOnline.ag,1.53,1.53,0.0,,20251116_2025,backtest/cache/event_props_91630b9c62640117918fa30d2a62d2db_snapshot_20251116_2025.json
91630b9c62640117918fa30d2a62d2db,h2h,Arizona Cardinals,fanatics,Fanatics,2.6,2.6,0.0,,20251116_2025,backtest/cache/event_props_91630b9c62640117918fa30d2a62d2db_snapshot_20251116_2025.json
91630b9c62640117918fa30d2a62d2db,h2h,San Francisco 49ers,fanatics,Fanatics,1.53,1.53,0.0,,20251116_2025,backtest/cache/event_props_91630b9c62640117918fa30d2a62d2db_snapshot_20251116_2025.json
e926e654cedeb65fcfcc389a5158ef4e,h2h,Seattle Seahawks,lowvig,LowVig.ag,2.49,2.49,0.0,,20251116_2025,backtest/cache/event_props_e926e654cedeb65fcfcc389a5158ef4e_snapshot_20251116_2025.json
e926e654cedeb65fcfcc389a5158ef4e,h2h,Seattle Seahawks,betonlineag,BetOnline.ag,2.49,2.49,0.0,,20251116_2025,backtest/cache/event_props_e926e654cedeb65fcfcc389a5158ef4e_snapshot_20251116_2025.json
cc60225b5a907bd9ba7c27c23131fc5c,h2h,Baltimore Ravens,williamhill_us,Caesars,1.22,1.22,0.0,,20251116_2025,backtest/cache/event_props_cc60225b5a907bd9ba7c27c23131fc5c_snapshot_20251116_2025.json
cc60225b5a907bd9ba7c27c23131fc5c,h2h,Baltimore Ravens,fanduel,FanDuel,1.22,1.22,0.0,,20251116_2025,backtest/cache/event_props_cc60225b5a907bd9ba7c27c23131fc5c_snapshot_20251116_2025.json
cc60225b5a907bd9ba7c27c23131fc5c,h2h,Baltimore Ravens,mybookieag,MyBookie.ag,1.22,1.22,0.0,,20251116_2025,backtest/cache/event_props_cc60225b5a907bd9ba7c27c23131fc5c_snapshot_20251116_2025.json
cc60225b5a907bd9ba7c27c23131fc5c,h2h,Baltimore Ravens,bovada,Bovada,1.22,1.22,0.0,,20251116_2025,backtest/cache/event_props_cc60225b5a907bd9ba7c27c23131fc5c_snapshot_20251116_2025.json
96ce7785b0980b03282c7e10d4c58d4a,h2h,Denver Broncos,draftkings,DraftKings,2.8,2.8,0.0,,20251116_2025,backtest/cache/event_props_96ce7785b0980b03282c7e10d4c58d4a_snapshot_20251116_2025.json
96ce7785b0980b03282c7e10d4c58d4a,h2h,Kansas City Chiefs,draftkings,DraftKings,1.46,1.46,0.0,,20251116_2025,backtest/cache/event_props_96ce7785b0980b03282c7e10d4c58d4a_snapshot_20251116_2025.json
96ce7785b0980b03282c7e10d4c58d4a,h2h,Kansas City Chiefs,williamhill_us,Caesars,1.46,1.46,0.0,,20251116_2025,backtest/cache/event_props_96ce7785b0980b03282c7e10d4c58d4a_snapshot_20251116_2025.json
96ce7785b0980b03282c7e10d4c58d4a,h2h,Denver Broncos,betus,BetUS,2.8,2.8,0.0,,20251116_2025,backtest/cache/event_props_96ce7785b0980b03282c7e10d4c58d4a_snapshot_20251116_2025.json
96ce7785b0980b03282c7e10d4c58d4a,h2h,Denver Broncos,lowvig,LowVig.ag,2.8,2.8,0.0,,20251116_2025,backtest/cache/event_props_96ce7785b0980b03282c7e10d4c58d4a_snapshot_20251116_2025.json
96ce7785b0980b03282c7e10d4c58d4a,h2h,Denver Broncos,betonlineag,BetOnline.ag,2.8,2.8,0.0,,20251116_2025,backtest/cache/event_props_96ce7785b0980b03282c7e10d4c58d4a_snapshot_20251116_2025.json
96ce7785b0980b03282c7e10d4c58d4a,h2h,Denver Broncos,betrivers,BetRivers,2.8,2.8,0.0,,20251116_2025,backtest/cache/event_props_96ce7785b0980b03282c7e10d4c58d4a_snapshot_20251116_2025.json
96ce7785b0980b03282c7e10d4c58d4a,h2h,Denver Broncos,bovada,Bovada,2.8,2.8,0.0,,20251116_2025,backtest/cache/event_props_96ce7785b0980b03282c7e10d4c58d4a_snapshot_20251116_2025.json
e926e654cedeb65fcfcc389a5158ef4e,h2h,Los Angeles Rams,fanduel,FanDuel,1.56,1.565,-0.0031948881789136702,,20251116_2025,backtest/cache/event_props_e926e654cedeb65fcfcc389a5158ef4e_snapshot_20251116_2025.json
e926e654cedeb65fcfcc389a5158ef4e,h2h,Los Angeles Rams,mybookieag,MyBookie.ag,1.56,1.565,-0.0031948881789136702,,20251116_2025,backtest/cache/event_props_e926e654cedeb65fcfcc389a5158ef4e_snapshot_20251116_2025.json
e926e654cedeb65fcfcc389a5158ef4e,h2h,Los Angeles Rams,fanatics,Fanatics,1.56,1.565,-0.0031948881789136702,,20251116_2025,backtest/cache/event_props_e926e654cedeb65fcfcc389a5158ef4e_snapshot_20251116_2025.json
e926e654cedeb65fcfcc389a5158ef4e,h2h,Los Angeles Rams,bovada,Bovada,1.56,1.565,-0.0031948881789136702,,20251116_2025,backtest/cache/event_props_e926e654cedeb65fcfcc389a5158ef4e_snapshot_20251116_2025.json
96ce7785b0980b03282c7e10d4c58d4a,h2h,Denver Broncos,williamhill_us,Caesars,2.79,2.8,-0.0035714285714284954,,20251116_2025,backtest/cache/event_props_96ce7785b0980b03282c7e10d4c58d4a_snapshot_20251116_2025.json
0ae85bbc3711ad0cb94475a40e2364f0,h2h,Carolina Panthers,williamhill_us,Caesars,2.59,2.6,-0.003846153846153935,,20251116_2025,backtest/cache/event_props_0ae85bbc3711ad0cb94475a40e2364f0_snapshot_20251116_2025.json
91630b9c62640117918fa30d2a62d2db,h2h,Arizona Cardinals,betus,BetUS,2.59,2.6,-0.003846153846153935,,20251116_2025,backtest/cache/event_props_91630b9c62640117918fa30d2a62d2db_snapshot_20251116_2025.json
cc60225b5a907bd9ba7c27c23131fc5c,h2h,Cleveland Browns,draftkings,DraftKings,4.4,4.42,-0.0045248868778279576,,20251116_2025,backtest/cache/event_props_cc60225b5a907bd9ba7c27c23131fc5c_snapshot_20251116_2025.json
cc60225b5a907bd9ba7c27c23131fc5c,h2h,Cleveland Browns,williamhill_us,Caesars,4.4,4.42,-0.0045248868778279576,,20251116_2025,backtest/cache/event_props_cc60225b5a907bd9ba7c27c23131fc5c_snapshot_20251116_2025.json
cc60225b5a907bd9ba7c27c23131fc5c,h2h,Cleveland Browns,bovada,Bovada,4.4,4.42,-0.0045248868778279576,,20251116_2025,backtest/cache/event_props_cc60225b5a907bd9ba7c27c23131fc5c_snapshot_20251116_2025.json
91630b9c62640117918fa30d2a62d2db,h2h,San Francisco 49ers,draftkings,DraftKings,1.52,1.53,-0.006535947712418306,,20251116_2025,backtest/cache/event_props_91630b9c62640117918fa30d2a62d2db_snapshot_20251116_2025.json
91630b9c62640117918fa30d2a62d2db,h2h,San Francisco 49ers,mybookieag,MyBookie.ag,1.52,1.53,-0.006535947712418306,,20251116_2025,backtest/cache/event_props_91630b9c62640117918fa30d2a62d2db_snapshot_20251116_2025.json
cc60225b5a907bd9ba7c27c23131fc5c,h2h,Cleveland Browns,mybookieag,MyBookie.ag,4.39,4.42,-0.006787330316742138,,20251116_2025,backtest/cache/event_props_cc60225b5a907bd9ba7c27c23131fc5c_snapshot_20251116_2025.json
96ce7785b0980b03282c7e10d4c58d4a,h2h,Kansas City Chiefs,fanduel,FanDuel,1.45,1.46,-0.006849315068493157,,20251116_2025,backtest/cache/event_props_96ce7785b0980b03282c7e10d4c58d4a_snapshot_20251116_2025.json
96ce7785b0980b03282c7e10d4c58d4a,h2h,Kansas City Chiefs,bovada,Bovada,1.45,1.46,-0.006849315068493157,,20251116_2025,backtest/cache/event_props_96ce7785b0980b03282c7e10d4c58d4a_snapshot_20251116_2025.json
cc60225b5a907bd9ba7c27c23131fc5c,h2h,Baltimore Ravens,betrivers,BetRivers,1.21,1.22,-0.008196721311475417,,20251116_2025,backtest/cache/event_props_cc60225b5a907bd9ba7c27c23131fc5c_snapshot_20251116_2025.json
cc60225b5a907bd9ba7c27c23131fc5c,h2h,Baltimore Ravens,fanatics,Fanatics,1.21,1.22,-0.008196721311475417,,20251116_2025,backtest/cache/event_props_cc60225b5a907bd9ba7c27c23131fc5c_snapshot_20251116_2025.json
229a5e9ce60dcb344a8cc3c97121154e,h2h,Chicago Bears,betrivers,BetRivers,1.15,1.16,-0.008620689655172422,,20251116_2025,backtest/cache/event_props_229a5e9ce60dcb344a8cc3c97121154e_snapshot_20251116_2025.json
e926e654cedeb65fcfcc389a5158ef4e,h2h,Seattle Seahawks,mybookieag,MyBookie.ag,2.46,2.49,-0.012048192771084437,,20251116_2025,backtest/cache/event_props_e926e654cedeb65fcfcc389a5158ef4e_snapshot_20251116_2025.json
91630b9c62640117918fa30d2a62d2db,h2h,San Francisco 49ers,betrivers,BetRivers,1.51,1.53,-0.013071895424836612,,20251116_2025,backtest/cache/event_props_91630b9c62640117918fa30d2a62d2db_snapshot_20251116_2025.json
91630b9c62640117918fa30d2a62d2db,h2h,San Francisco 49ers,bovada,Bovada,1.51,1.53,-0.013071895424836612,,20251116_2025,backtest/cache/event_props_91630b9c62640117918fa30d2a62d2db_snapshot_20251116_2025.json
96377d2fb55e3cef733cecccdecaed5f,h2h,Tampa Bay Buccaneers,draftkings,DraftKings,3.7,3.75,-0.013333333333333286,,20251116_2025,backtest/cache/event_props_96377d2fb55e3cef733cecccdecaed5f_snapshot_20251116_2025.json
96ce7785b0980b03282c7e10d4c58d4a,h2h,Kansas City Chiefs,mybookieag,MyBookie.ag,1.44,1.46,-0.013698630136986314,,20251116_2025,backtest/cache/event_props_96ce7785b0980b03282c7e10d4c58d4a_snapshot_20251116_2025.json
91630b9c62640117918fa30d2a62d2db,h2h,Arizona Cardinals,williamhill_us,Caesars,2.56,2.6,-0.015384615384615398,,20251116_2025,backtest/cache/event_props_91630b9c62640117918fa30d2a62d2db_snapshot_20251116_2025.json
e926e654cedeb65fcfcc389a5158ef4e,h2h,Los Angeles Rams,betrivers,BetRivers,1.54,1.565,-0.015974440894568634,,20251116_2025,backtest/cache/event_props_e926e654cedeb65fcfcc389a5158ef4e_snapshot_20251116_2025.json
96377d2fb55e3cef733cecccdecaed5f,h2h,Buffalo Bills,betrivers,BetRivers,1.23,1.25,-0.016000000000000014,,20251116_2025,backtest/cache/event_props_96377d2fb55e3cef733cecccdecaed5f_snapshot_20251116_2025.json
e926e654cedeb65fcfcc389a5158ef4e,h2h,Seattle Seahawks,draftkings,DraftKings,2.45,2.49,-0.016064257028112462,,20251116_2025,backtest/cache/event_props_e926e654cedeb65fcfcc389a5158ef4e_snapshot_20251116_2025.json
e926e654cedeb65fcfcc389a5158ef4e,h2h,Seattle Seahawks,williamhill_us,Caesars,2.45,2.49,-0.016064257028112462,,20251116_2025,backtest/cache/event_props_e926e654cedeb65fcfcc389a5158ef4e_snapshot_20251116_2025.json
5c06e82838fcfade9adf1e89b8bd3081,h2h,Green Bay Packers,fanatics,Fanatics,1.22,1.24,-0.01612903225806453,,20251116_2025,backtest/cache/event_props_5c06e82838fcfade9adf1e89b8bd3081_snapshot_20251116_2025.json
229a5e9ce60dcb344a8cc3c97121154e,h2h,Chicago Bears,williamhill_us,Caesars,1.14,1.16,-0.017241379310344845,,20251116_2025,backtest/cache/event_props_229a5e9ce60dcb344a8cc3c97121154e_snapshot_20251116_2025.json
96ce7785b0980b03282c7e10d4c58d4a,h2h,Denver Broncos,fanatics,Fanatics,2.75,2.8,-0.017857142857142794,,20251116_2025,backtest/cache/event_props_96ce7785b0980b03282c7e10d4c58d4a_snapshot_20251116_2025.json
fd2f29289d6437a7c07d4780c5f04936,h2h,Houston Texans,draftkings,DraftKings,1.07,1.09,-0.018348623853211024,,20251116_2025,backtest/cache/event_props_fd2f29289d6437a7c07d4780c5f04936_snapshot_20251116_2025.json
91630b9c62640117918fa30d2a62d2db,h2h,Arizona Cardinals,mybookieag,MyBookie.ag,2.55,2.6,-0.019230769230769332,,20251116_2025,backtest/cache/event_props_91630b9c62640117918fa30d2a62d2db_snapshot_20251116_2025.json
91630b9c62640117918fa30d2a62d2db,h2h,Arizona Cardinals,betrivers,BetRivers,2.55,2.6,-0.019230769230769332,,20251116_2025,backtest/cache/event_props_91630b9c62640117918fa30d2a62d2db_snapshot_20251116_2025.json
0ae85bbc3711ad0cb94475a40e2364f0,h2h,Atlanta Falcons,mybookieag,MyBookie.ag,1.45,1.48,-0.02027027027027029,,20251116_2025,backtest/cache/event_props_0ae85bbc3711ad0cb94475a40e2364f0_snapshot_20251116_2025.json
96ce7785b0980b03282c7e10d4c58d4a,h2h,Kansas City Chiefs,betrivers,BetRivers,1.43,1.46,-0.02054794520547947,,20251116_2025,backtest/cache/event_props_96ce7785b0980b03282c7e10d4c58d4a_snapshot_20251116_2025.json
fd2f29289d6437a7c07d4780c5f04936,h2h,Tennessee Titans,fanduel,FanDuel,6.6,6.75,-0.022222222222222275,,20251116_2025,backtest/cache/event_props_fd2f29289d6437a7c07d4780c5f04936_snapshot_20251116_2025.json
96377d2fb55e3cef733cecccdecaed5f,h2h,Buffalo Bills,mybookieag,MyBookie.ag,1.22,1.25,-0.02400000000000002,,20251116_2025,backtest/cache/event_props_96377d2fb55e3cef733cecccdecaed5f_snapshot_20251116_2025.json
96377d2fb55e3cef733cecccdecaed5f,h2h,Buffalo Bills,fanatics,Fanatics,1.22,1.25,-0.02400000000000002,,20251116_2025,backtest/cache/event_props_96377d2fb55e3cef733cecccdecaed5f_snapshot_20251116_2025.json
e926e654cedeb65fcfcc389a5158ef4e,h2h,Seattle Seahawks,betrivers,BetRivers,2.43,2.49,-0.024096385542168693,,20251116_2025,backtest/cache/event_props_e926e654cedeb65fcfcc389a5158ef4e_snapshot_20251116_2025.json
cc60225b5a907bd9ba7c27c23131fc5c,h2h,Cleveland Browns,betrivers,BetRivers,4.3,4.42,-0.02714932126696835,,20251116_2025,backtest/cache/event_props_cc60225b5a907bd9ba7c27c23131fc5c_snapshot_20251116_2025.json
5c06e82838fcfade9adf1e89b8bd3081,h2h,Green Bay Packers,betrivers,BetRivers,1.2,1.24,-0.03225806451612906,,20251116_2025,backtest/cache/event_props_5c06e82838fcfade9adf1e89b8bd3081_snapshot_20251116_2025.json
fd2f29289d6437a7c07d4780c5f04936,h2h,Houston Texans,betrivers,BetRivers,1.05,1.09,-0.03669724770642205,,20251116_2025,backtest/cache/event_props_fd2f29289d6437a7c07d4780c5f04936_snapshot_20251116_2025.json
fd2f29289d6437a7c07d4780c5f04936,h2h,Tennessee Titans,bovada,Bovada,6.5,6.75,-0.037037037037037035,,20251116_2025,backtest/cache/event_props_fd2f29289d6437a7c07d4780c5f04936_snapshot_20251116_2025.json
5c06e82838fcfade9adf1e89b8bd3081,h2h,New York Giants,fanduel,FanDuel,3.85,4.0,-0.03749999999999998,,20251116_2025,backtest/cache/event_props_5c06e82838fcfade9adf1e89b8bd3081_snapshot_20251116_2025.json
96377d2fb55e3cef733cecccdecaed5f,h2h,Tampa Bay Buccaneers,fanduel,FanDuel,3.6,3.75,-0.03999999999999997,,20251116_2025,backtest/cache/event_props_96377d2fb55e3cef733cecccdecaed5f_snapshot_20251116_2025.json
229a5e9ce60dcb344a8cc3c97121154e,h2h,Minnesota Vikings,mybookieag,MyBookie.ag,4.6,4.8,-0.041666666666666706,,20251116_2025,backtest/cache/event_props_229a5e9ce60dcb344a8cc3c97121154e_snapshot_20251116_2025.json
96377d2fb55e3cef733cecccdecaed5f,h2h,Tampa Bay Buccaneers,bovada,Bovada,3.55,3.75,-0.05333333333333338,,20251116_2025,backtest/cache/event_props_96377d2fb55e3cef733cecccdecaed5f_snapshot_20251116_2025.json
229a5e9ce60dcb344a8cc3c97121154e,h2h,Chicago Bears,bovada,Bovada,1.08,1.16,-0.06896551724137918,,20251116_2025,backtest/cache/event_props_229a5e9ce60dcb344a8cc3c97121154e_snapshot_20251116_2025.json
5c06e82838fcfade9adf1e89b8bd3081,h2h,Green Bay Packers,mybookieag,MyBookie.ag,1.15,1.24,-0.07258064516129038,,20251116_2025,backtest/cache/event_props_5c06e82838fcfade9adf1e89b8bd3081_snapshot_20251116_2025.json
0ae85bbc3711ad0cb94475a40e2364f0,h2h,Atlanta Falcons,bovada,Bovada,1.36,1.48,-0.081081081081081,,20251116_2025,backtest/cache/event_props_0ae85bbc3711ad0cb94475a40e2364f0_snapshot_20251116_2025.json
5c06e82838fcfade9adf1e89b8bd3081,h2h,New York Giants,bovada,Bovada,3.65,4.0,-0.08750000000000002,,20251116_2025,backtest/cache/event_props_5c06e82838fcfade9adf1e89b8bd3081_snapshot_20251116_2025.json
0ae85bbc3711ad0cb94475a40e2364f0,h2h,Carolina Panthers,betrivers,BetRivers,2.32,2.6,-0.10769230769230778,,20251116_2025,backtest/cache/event_props_0ae85bbc3711ad0cb94475a40e2364f0_snapshot_20251116_2025.json
5c06e82838fcfade9adf1e89b8bd3081,h2h,New York Giants,williamhill_us,Caesars,3.5,4.0,-0.125,,20251116_2025,backtest/cache/event_props_5c06e82838fcfade9adf1e89b8bd3081_snapshot_20251116_2025.json
229a5e9ce60dcb344a8cc3c97121154e,h2h,Minnesota Vikings,draftkings,DraftKings,4.0,4.8,-0.16666666666666663,,20251116_2025,backtest/cache/event_props_229a5e9ce60dcb344a8cc3c97121154e_snapshot_20251116_2025.json
229a5e9ce60dcb344a8cc3c97121154e,h2h,Minnesota Vikings,fanatics,Fanatics,3.8,4.8,-0.20833333333333334,,20251116_2025,backtest/cache/event_props_229a5e9ce60dcb344a8cc3c97121154e_snapshot_20251116_2025.json
fd2f29289d6437a7c07d4780c5f04936,h2h,Tennessee Titans,mybookieag,MyBookie.ag,4.4,6.75,-0.3481481481481481,,20251116_2025,backtest/cache/event_props_fd2f29289d6437a7c07d4780c5f04936_snapshot_20251116_2025.json
